"nombre_departamento","grupo_edad","casos"
"amazonas",0,1
"amazonas",9,1
"amazonas",19,1
"amazonas",20,1
"amazonas",26,1
"amazonas",27,1
"amazonas",28,1
"amazonas",32,4
"amazonas",34,1
"amazonas",35,1
"amazonas",36,1
"amazonas",37,2
"amazonas",38,3
"amazonas",39,1
"amazonas",40,2
"amazonas",41,2
"amazonas",42,2
"amazonas",43,1
"amazonas",44,1
"amazonas",45,5
"amazonas",46,1
"amazonas",47,2
"amazonas",48,2
"amazonas",49,2
"amazonas",50,2
"amazonas",51,3
"amazonas",52,3
"amazonas",53,5
"amazonas",54,2
"amazonas",55,6
"amazonas",56,12
"amazonas",57,7
"amazonas",58,14
"amazonas",59,5
"amazonas",60,7
"amazonas",61,6
"amazonas",62,6
"amazonas",63,2
"amazonas",64,9
"amazonas",65,5
"amazonas",66,4
"amazonas",67,7
"amazonas",68,4
"amazonas",69,6
"amazonas",70,10
"amazonas",71,12
"amazonas",72,5
"amazonas",73,6
"amazonas",74,3
"amazonas",75,5
"amazonas",76,3
"amazonas",77,10
"amazonas",78,2
"amazonas",79,13
"amazonas",80,6
"amazonas",81,7
"amazonas",82,5
"amazonas",83,3
"amazonas",84,20
"antioquia",0,9
"antioquia",1,2
"antioquia",2,1
"antioquia",4,2
"antioquia",5,1
"antioquia",6,2
"antioquia",7,1
"antioquia",9,1
"antioquia",13,2
"antioquia",14,1
"antioquia",15,3
"antioquia",16,4
"antioquia",18,4
"antioquia",19,3
"antioquia",20,6
"antioquia",21,13
"antioquia",22,12
"antioquia",23,10
"antioquia",24,18
"antioquia",25,23
"antioquia",26,20
"antioquia",27,22
"antioquia",28,38
"antioquia",29,38
"antioquia",30,37
"antioquia",31,48
"antioquia",32,51
"antioquia",33,53
"antioquia",34,37
"antioquia",35,60
"antioquia",36,66
"antioquia",37,63
"antioquia",38,91
"antioquia",39,101
"antioquia",40,88
"antioquia",41,111
"antioquia",42,120
"antioquia",43,130
"antioquia",44,103
"antioquia",45,126
"antioquia",46,117
"antioquia",47,127
"antioquia",48,132
"antioquia",49,163
"antioquia",50,171
"antioquia",51,198
"antioquia",52,220
"antioquia",53,175
"antioquia",54,253
"antioquia",55,266
"antioquia",56,247
"antioquia",57,276
"antioquia",58,332
"antioquia",59,332
"antioquia",60,356
"antioquia",61,339
"antioquia",62,439
"antioquia",63,428
"antioquia",64,403
"antioquia",65,398
"antioquia",66,429
"antioquia",67,427
"antioquia",68,474
"antioquia",69,480
"antioquia",70,454
"antioquia",71,450
"antioquia",72,530
"antioquia",73,494
"antioquia",74,491
"antioquia",75,455
"antioquia",76,456
"antioquia",77,485
"antioquia",78,424
"antioquia",79,502
"antioquia",80,464
"antioquia",81,427
"antioquia",82,432
"antioquia",83,434
"antioquia",84,3483
"arauca",3,1
"arauca",14,1
"arauca",15,1
"arauca",18,1
"arauca",19,2
"arauca",20,1
"arauca",22,1
"arauca",23,1
"arauca",24,1
"arauca",25,2
"arauca",26,2
"arauca",27,4
"arauca",28,1
"arauca",29,6
"arauca",31,3
"arauca",33,2
"arauca",34,2
"arauca",35,2
"arauca",37,8
"arauca",38,5
"arauca",39,2
"arauca",40,4
"arauca",41,6
"arauca",42,4
"arauca",43,2
"arauca",44,6
"arauca",45,5
"arauca",46,6
"arauca",47,3
"arauca",48,6
"arauca",49,6
"arauca",50,6
"arauca",51,7
"arauca",52,3
"arauca",53,9
"arauca",54,13
"arauca",55,8
"arauca",56,4
"arauca",57,12
"arauca",58,11
"arauca",59,14
"arauca",60,9
"arauca",61,7
"arauca",62,18
"arauca",63,15
"arauca",64,12
"arauca",65,10
"arauca",66,9
"arauca",67,8
"arauca",68,9
"arauca",69,12
"arauca",70,22
"arauca",71,9
"arauca",72,22
"arauca",73,14
"arauca",74,18
"arauca",75,11
"arauca",76,16
"arauca",77,13
"arauca",78,14
"arauca",79,14
"arauca",80,17
"arauca",81,16
"arauca",82,14
"arauca",83,8
"arauca",84,83
"atlantico",0,4
"atlantico",1,1
"atlantico",10,1
"atlantico",12,1
"atlantico",13,2
"atlantico",14,1
"atlantico",15,3
"atlantico",16,2
"atlantico",18,1
"atlantico",19,1
"atlantico",21,1
"atlantico",22,2
"atlantico",23,6
"atlantico",24,7
"atlantico",25,5
"atlantico",26,8
"atlantico",27,8
"atlantico",28,6
"atlantico",29,11
"atlantico",30,7
"atlantico",31,8
"atlantico",32,12
"atlantico",33,12
"atlantico",34,12
"atlantico",35,12
"atlantico",36,20
"atlantico",37,25
"atlantico",38,15
"atlantico",39,29
"atlantico",40,27
"atlantico",41,34
"atlantico",42,32
"atlantico",43,24
"atlantico",44,31
"atlantico",45,33
"atlantico",46,23
"atlantico",47,30
"atlantico",48,35
"atlantico",49,47
"atlantico",50,44
"atlantico",51,53
"atlantico",52,53
"atlantico",53,53
"atlantico",54,61
"atlantico",55,82
"atlantico",56,64
"atlantico",57,74
"atlantico",58,79
"atlantico",59,96
"atlantico",60,91
"atlantico",61,89
"atlantico",62,103
"atlantico",63,112
"atlantico",64,105
"atlantico",65,99
"atlantico",66,118
"atlantico",67,113
"atlantico",68,115
"atlantico",69,109
"atlantico",70,136
"atlantico",71,106
"atlantico",72,118
"atlantico",73,102
"atlantico",74,103
"atlantico",75,98
"atlantico",76,92
"atlantico",77,90
"atlantico",78,99
"atlantico",79,104
"atlantico",80,84
"atlantico",81,97
"atlantico",82,68
"atlantico",83,83
"atlantico",84,594
"atlantico",0,7
"atlantico",1,1
"atlantico",3,2
"atlantico",10,1
"atlantico",13,1
"atlantico",14,1
"atlantico",17,1
"atlantico",19,1
"atlantico",20,5
"atlantico",21,4
"atlantico",22,5
"atlantico",23,9
"atlantico",24,8
"atlantico",25,4
"atlantico",26,13
"atlantico",27,12
"atlantico",28,5
"atlantico",29,12
"atlantico",30,12
"atlantico",31,17
"atlantico",32,15
"atlantico",33,27
"atlantico",34,7
"atlantico",35,26
"atlantico",36,19
"atlantico",37,23
"atlantico",38,33
"atlantico",39,30
"atlantico",40,34
"atlantico",41,28
"atlantico",42,36
"atlantico",43,37
"atlantico",44,49
"atlantico",45,35
"atlantico",46,44
"atlantico",47,43
"atlantico",48,47
"atlantico",49,54
"atlantico",50,66
"atlantico",51,54
"atlantico",52,61
"atlantico",53,74
"atlantico",54,77
"atlantico",55,89
"atlantico",56,97
"atlantico",57,111
"atlantico",58,112
"atlantico",59,101
"atlantico",60,126
"atlantico",61,120
"atlantico",62,131
"atlantico",63,146
"atlantico",64,150
"atlantico",65,149
"atlantico",66,134
"atlantico",67,146
"atlantico",68,165
"atlantico",69,175
"atlantico",70,168
"atlantico",71,159
"atlantico",72,167
"atlantico",73,136
"atlantico",74,125
"atlantico",75,138
"atlantico",76,138
"atlantico",77,113
"atlantico",78,137
"atlantico",79,142
"atlantico",80,134
"atlantico",81,161
"atlantico",82,114
"atlantico",83,138
"atlantico",84,1065
"bogota_d_c",0,19
"bogota_d_c",1,6
"bogota_d_c",2,5
"bogota_d_c",3,1
"bogota_d_c",4,3
"bogota_d_c",5,3
"bogota_d_c",6,2
"bogota_d_c",7,4
"bogota_d_c",9,3
"bogota_d_c",10,3
"bogota_d_c",13,4
"bogota_d_c",14,3
"bogota_d_c",15,3
"bogota_d_c",16,3
"bogota_d_c",17,4
"bogota_d_c",18,10
"bogota_d_c",19,9
"bogota_d_c",20,11
"bogota_d_c",21,23
"bogota_d_c",22,21
"bogota_d_c",23,25
"bogota_d_c",24,29
"bogota_d_c",25,28
"bogota_d_c",26,30
"bogota_d_c",27,38
"bogota_d_c",28,40
"bogota_d_c",29,52
"bogota_d_c",30,65
"bogota_d_c",31,57
"bogota_d_c",32,63
"bogota_d_c",33,83
"bogota_d_c",34,95
"bogota_d_c",35,84
"bogota_d_c",36,107
"bogota_d_c",37,127
"bogota_d_c",38,136
"bogota_d_c",39,129
"bogota_d_c",40,142
"bogota_d_c",41,177
"bogota_d_c",42,158
"bogota_d_c",43,190
"bogota_d_c",44,222
"bogota_d_c",45,214
"bogota_d_c",46,221
"bogota_d_c",47,268
"bogota_d_c",48,271
"bogota_d_c",49,302
"bogota_d_c",50,316
"bogota_d_c",51,367
"bogota_d_c",52,353
"bogota_d_c",53,404
"bogota_d_c",54,407
"bogota_d_c",55,484
"bogota_d_c",56,481
"bogota_d_c",57,552
"bogota_d_c",58,555
"bogota_d_c",59,638
"bogota_d_c",60,612
"bogota_d_c",61,624
"bogota_d_c",62,684
"bogota_d_c",63,699
"bogota_d_c",64,735
"bogota_d_c",65,662
"bogota_d_c",66,704
"bogota_d_c",67,695
"bogota_d_c",68,764
"bogota_d_c",69,712
"bogota_d_c",70,707
"bogota_d_c",71,789
"bogota_d_c",72,708
"bogota_d_c",73,734
"bogota_d_c",74,717
"bogota_d_c",75,750
"bogota_d_c",76,707
"bogota_d_c",77,683
"bogota_d_c",78,696
"bogota_d_c",79,726
"bogota_d_c",80,713
"bogota_d_c",81,644
"bogota_d_c",82,678
"bogota_d_c",83,661
"bogota_d_c",84,5395
"bolivar",0,4
"bolivar",3,1
"bolivar",5,1
"bolivar",10,1
"bolivar",17,1
"bolivar",21,1
"bolivar",23,2
"bolivar",24,1
"bolivar",27,3
"bolivar",28,3
"bolivar",30,1
"bolivar",31,3
"bolivar",32,2
"bolivar",33,4
"bolivar",34,1
"bolivar",35,5
"bolivar",36,4
"bolivar",37,2
"bolivar",38,3
"bolivar",39,7
"bolivar",40,4
"bolivar",41,9
"bolivar",42,9
"bolivar",43,10
"bolivar",44,7
"bolivar",45,11
"bolivar",46,12
"bolivar",47,9
"bolivar",48,8
"bolivar",49,8
"bolivar",50,12
"bolivar",51,6
"bolivar",52,6
"bolivar",53,7
"bolivar",54,18
"bolivar",55,8
"bolivar",56,17
"bolivar",57,15
"bolivar",58,12
"bolivar",59,10
"bolivar",60,24
"bolivar",61,17
"bolivar",62,16
"bolivar",63,16
"bolivar",64,16
"bolivar",65,16
"bolivar",66,22
"bolivar",67,15
"bolivar",68,19
"bolivar",69,23
"bolivar",70,23
"bolivar",71,27
"bolivar",72,14
"bolivar",73,20
"bolivar",74,16
"bolivar",75,22
"bolivar",76,22
"bolivar",77,27
"bolivar",78,20
"bolivar",79,27
"bolivar",80,25
"bolivar",81,28
"bolivar",82,27
"bolivar",83,22
"bolivar",84,185
"boyaca",0,3
"boyaca",9,2
"boyaca",12,1
"boyaca",13,1
"boyaca",15,1
"boyaca",20,4
"boyaca",21,1
"boyaca",22,2
"boyaca",23,4
"boyaca",24,2
"boyaca",25,4
"boyaca",26,3
"boyaca",27,7
"boyaca",28,6
"boyaca",29,2
"boyaca",30,2
"boyaca",31,7
"boyaca",32,6
"boyaca",33,8
"boyaca",34,10
"boyaca",35,13
"boyaca",36,6
"boyaca",37,11
"boyaca",38,13
"boyaca",39,14
"boyaca",40,13
"boyaca",41,23
"boyaca",42,21
"boyaca",43,21
"boyaca",44,18
"boyaca",45,27
"boyaca",46,23
"boyaca",47,29
"boyaca",48,32
"boyaca",49,22
"boyaca",50,38
"boyaca",51,38
"boyaca",52,36
"boyaca",53,42
"boyaca",54,35
"boyaca",55,44
"boyaca",56,46
"boyaca",57,50
"boyaca",58,57
"boyaca",59,48
"boyaca",60,58
"boyaca",61,60
"boyaca",62,57
"boyaca",63,69
"boyaca",64,52
"boyaca",65,82
"boyaca",66,52
"boyaca",67,72
"boyaca",68,67
"boyaca",69,54
"boyaca",70,67
"boyaca",71,52
"boyaca",72,59
"boyaca",73,71
"boyaca",74,60
"boyaca",75,67
"boyaca",76,52
"boyaca",77,73
"boyaca",78,78
"boyaca",79,60
"boyaca",80,76
"boyaca",81,71
"boyaca",82,74
"boyaca",83,81
"boyaca",84,552
"caldas",1,1
"caldas",4,1
"caldas",13,1
"caldas",18,1
"caldas",19,2
"caldas",21,1
"caldas",22,2
"caldas",23,3
"caldas",24,3
"caldas",25,2
"caldas",26,4
"caldas",27,4
"caldas",28,5
"caldas",29,10
"caldas",30,6
"caldas",31,7
"caldas",32,6
"caldas",33,11
"caldas",34,7
"caldas",35,10
"caldas",36,10
"caldas",37,10
"caldas",38,13
"caldas",39,10
"caldas",40,11
"caldas",41,17
"caldas",42,12
"caldas",43,13
"caldas",44,13
"caldas",45,19
"caldas",46,15
"caldas",47,21
"caldas",48,15
"caldas",49,25
"caldas",50,20
"caldas",51,22
"caldas",52,17
"caldas",53,32
"caldas",54,31
"caldas",55,30
"caldas",56,30
"caldas",57,38
"caldas",58,40
"caldas",59,45
"caldas",60,58
"caldas",61,52
"caldas",62,55
"caldas",63,40
"caldas",64,47
"caldas",65,55
"caldas",66,61
"caldas",67,62
"caldas",68,53
"caldas",69,81
"caldas",70,70
"caldas",71,63
"caldas",72,73
"caldas",73,57
"caldas",74,67
"caldas",75,59
"caldas",76,61
"caldas",77,73
"caldas",78,76
"caldas",79,77
"caldas",80,72
"caldas",81,68
"caldas",82,46
"caldas",83,62
"caldas",84,499
"caqueta",0,2
"caqueta",11,1
"caqueta",16,1
"caqueta",17,1
"caqueta",19,1
"caqueta",24,1
"caqueta",26,1
"caqueta",27,2
"caqueta",28,1
"caqueta",29,4
"caqueta",30,1
"caqueta",31,1
"caqueta",32,3
"caqueta",33,4
"caqueta",34,3
"caqueta",35,5
"caqueta",36,6
"caqueta",37,4
"caqueta",38,8
"caqueta",39,8
"caqueta",40,9
"caqueta",41,4
"caqueta",42,4
"caqueta",43,10
"caqueta",44,4
"caqueta",45,5
"caqueta",46,8
"caqueta",47,8
"caqueta",48,8
"caqueta",49,6
"caqueta",50,13
"caqueta",51,5
"caqueta",52,12
"caqueta",53,10
"caqueta",54,16
"caqueta",55,21
"caqueta",56,20
"caqueta",57,20
"caqueta",58,21
"caqueta",59,24
"caqueta",60,30
"caqueta",61,24
"caqueta",62,14
"caqueta",63,16
"caqueta",64,28
"caqueta",65,26
"caqueta",66,31
"caqueta",67,23
"caqueta",68,28
"caqueta",69,33
"caqueta",70,29
"caqueta",71,21
"caqueta",72,29
"caqueta",73,28
"caqueta",74,26
"caqueta",75,27
"caqueta",76,20
"caqueta",77,31
"caqueta",78,26
"caqueta",79,31
"caqueta",80,20
"caqueta",81,34
"caqueta",82,26
"caqueta",83,25
"caqueta",84,137
"bolivar",0,2
"bolivar",1,1
"bolivar",5,2
"bolivar",8,1
"bolivar",9,1
"bolivar",13,1
"bolivar",14,1
"bolivar",20,1
"bolivar",21,5
"bolivar",22,1
"bolivar",23,3
"bolivar",25,4
"bolivar",26,1
"bolivar",27,3
"bolivar",28,3
"bolivar",29,10
"bolivar",30,12
"bolivar",31,4
"bolivar",33,3
"bolivar",34,10
"bolivar",35,16
"bolivar",36,9
"bolivar",37,8
"bolivar",38,10
"bolivar",39,7
"bolivar",40,15
"bolivar",41,13
"bolivar",42,31
"bolivar",43,18
"bolivar",44,19
"bolivar",45,18
"bolivar",46,22
"bolivar",47,18
"bolivar",48,23
"bolivar",49,21
"bolivar",50,20
"bolivar",51,25
"bolivar",52,39
"bolivar",53,29
"bolivar",54,37
"bolivar",55,38
"bolivar",56,39
"bolivar",57,37
"bolivar",58,53
"bolivar",59,51
"bolivar",60,54
"bolivar",61,39
"bolivar",62,42
"bolivar",63,44
"bolivar",64,43
"bolivar",65,53
"bolivar",66,58
"bolivar",67,54
"bolivar",68,52
"bolivar",69,75
"bolivar",70,50
"bolivar",71,70
"bolivar",72,67
"bolivar",73,49
"bolivar",74,53
"bolivar",75,54
"bolivar",76,45
"bolivar",77,46
"bolivar",78,44
"bolivar",79,56
"bolivar",80,68
"bolivar",81,51
"bolivar",82,36
"bolivar",83,52
"bolivar",84,405
"casanare",0,4
"casanare",1,1
"casanare",5,1
"casanare",9,1
"casanare",16,1
"casanare",18,1
"casanare",20,1
"casanare",22,2
"casanare",23,2
"casanare",25,1
"casanare",26,5
"casanare",28,3
"casanare",29,1
"casanare",30,3
"casanare",31,3
"casanare",32,5
"casanare",33,6
"casanare",34,8
"casanare",35,7
"casanare",36,14
"casanare",37,7
"casanare",38,13
"casanare",39,5
"casanare",40,12
"casanare",41,14
"casanare",42,21
"casanare",43,11
"casanare",44,7
"casanare",45,19
"casanare",46,13
"casanare",47,18
"casanare",48,20
"casanare",49,9
"casanare",50,25
"casanare",51,26
"casanare",52,16
"casanare",53,22
"casanare",54,11
"casanare",55,24
"casanare",56,20
"casanare",57,26
"casanare",58,19
"casanare",59,26
"casanare",60,27
"casanare",61,12
"casanare",62,14
"casanare",63,29
"casanare",64,20
"casanare",65,19
"casanare",66,23
"casanare",67,22
"casanare",68,21
"casanare",69,23
"casanare",70,17
"casanare",71,17
"casanare",72,22
"casanare",73,18
"casanare",74,19
"casanare",75,15
"casanare",76,22
"casanare",77,21
"casanare",78,23
"casanare",79,24
"casanare",80,22
"casanare",81,7
"casanare",82,16
"casanare",83,11
"casanare",84,111
"cauca",0,1
"cauca",3,1
"cauca",5,1
"cauca",9,1
"cauca",11,1
"cauca",14,1
"cauca",15,1
"cauca",19,1
"cauca",21,3
"cauca",22,1
"cauca",23,1
"cauca",25,1
"cauca",26,4
"cauca",27,3
"cauca",28,3
"cauca",29,4
"cauca",30,2
"cauca",31,4
"cauca",32,5
"cauca",33,6
"cauca",34,2
"cauca",35,4
"cauca",36,5
"cauca",37,4
"cauca",38,8
"cauca",39,8
"cauca",40,9
"cauca",41,12
"cauca",42,9
"cauca",43,5
"cauca",44,12
"cauca",45,7
"cauca",46,9
"cauca",47,8
"cauca",48,16
"cauca",49,17
"cauca",50,16
"cauca",51,11
"cauca",52,16
"cauca",53,20
"cauca",54,18
"cauca",55,17
"cauca",56,19
"cauca",57,28
"cauca",58,19
"cauca",59,25
"cauca",60,28
"cauca",61,21
"cauca",62,35
"cauca",63,37
"cauca",64,40
"cauca",65,30
"cauca",66,37
"cauca",67,44
"cauca",68,59
"cauca",69,43
"cauca",70,43
"cauca",71,47
"cauca",72,57
"cauca",73,49
"cauca",74,46
"cauca",75,45
"cauca",76,52
"cauca",77,49
"cauca",78,44
"cauca",79,48
"cauca",80,52
"cauca",81,58
"cauca",82,61
"cauca",83,63
"cauca",84,404
"cesar",0,9
"cesar",1,1
"cesar",7,1
"cesar",13,1
"cesar",15,1
"cesar",17,1
"cesar",18,2
"cesar",19,2
"cesar",20,2
"cesar",21,3
"cesar",22,1
"cesar",23,8
"cesar",24,4
"cesar",25,2
"cesar",26,13
"cesar",27,3
"cesar",28,8
"cesar",29,7
"cesar",30,7
"cesar",31,5
"cesar",32,7
"cesar",33,8
"cesar",34,11
"cesar",35,20
"cesar",36,17
"cesar",37,13
"cesar",38,17
"cesar",39,19
"cesar",40,16
"cesar",41,14
"cesar",42,23
"cesar",43,26
"cesar",44,16
"cesar",45,21
"cesar",46,28
"cesar",47,27
"cesar",48,20
"cesar",49,37
"cesar",50,43
"cesar",51,43
"cesar",52,47
"cesar",53,39
"cesar",54,41
"cesar",55,42
"cesar",56,49
"cesar",57,40
"cesar",58,51
"cesar",59,52
"cesar",60,54
"cesar",61,40
"cesar",62,62
"cesar",63,62
"cesar",64,59
"cesar",65,67
"cesar",66,50
"cesar",67,74
"cesar",68,64
"cesar",69,66
"cesar",70,85
"cesar",71,56
"cesar",72,61
"cesar",73,67
"cesar",74,71
"cesar",75,68
"cesar",76,61
"cesar",77,57
"cesar",78,54
"cesar",79,77
"cesar",80,60
"cesar",81,43
"cesar",82,49
"cesar",83,51
"cesar",84,373
"choco",20,1
"choco",23,1
"choco",24,3
"choco",25,2
"choco",27,3
"choco",28,1
"choco",29,1
"choco",32,2
"choco",33,2
"choco",34,1
"choco",35,2
"choco",36,2
"choco",37,4
"choco",38,4
"choco",39,1
"choco",40,5
"choco",42,5
"choco",43,1
"choco",44,4
"choco",45,2
"choco",46,4
"choco",47,7
"choco",48,4
"choco",49,8
"choco",50,8
"choco",51,7
"choco",52,5
"choco",53,6
"choco",54,2
"choco",55,6
"choco",56,6
"choco",57,19
"choco",58,9
"choco",59,7
"choco",60,12
"choco",61,10
"choco",62,9
"choco",63,11
"choco",64,12
"choco",65,16
"choco",66,8
"choco",67,12
"choco",68,14
"choco",69,9
"choco",70,9
"choco",71,7
"choco",72,6
"choco",73,14
"choco",74,7
"choco",75,6
"choco",76,5
"choco",77,4
"choco",78,6
"choco",79,9
"choco",80,17
"choco",81,13
"choco",82,9
"choco",83,8
"choco",84,54
"cordoba",0,4
"cordoba",1,2
"cordoba",2,1
"cordoba",9,1
"cordoba",11,1
"cordoba",12,1
"cordoba",13,1
"cordoba",16,3
"cordoba",17,1
"cordoba",18,4
"cordoba",19,1
"cordoba",20,2
"cordoba",21,2
"cordoba",22,3
"cordoba",23,4
"cordoba",24,5
"cordoba",25,8
"cordoba",26,17
"cordoba",27,7
"cordoba",28,6
"cordoba",29,6
"cordoba",30,4
"cordoba",31,5
"cordoba",32,5
"cordoba",33,9
"cordoba",34,15
"cordoba",35,12
"cordoba",36,19
"cordoba",37,20
"cordoba",38,15
"cordoba",39,23
"cordoba",40,15
"cordoba",41,27
"cordoba",42,39
"cordoba",43,23
"cordoba",44,40
"cordoba",45,31
"cordoba",46,43
"cordoba",47,39
"cordoba",48,25
"cordoba",49,35
"cordoba",50,41
"cordoba",51,46
"cordoba",52,41
"cordoba",53,64
"cordoba",54,40
"cordoba",55,57
"cordoba",56,66
"cordoba",57,67
"cordoba",58,58
"cordoba",59,72
"cordoba",60,69
"cordoba",61,71
"cordoba",62,80
"cordoba",63,76
"cordoba",64,101
"cordoba",65,95
"cordoba",66,99
"cordoba",67,94
"cordoba",68,88
"cordoba",69,85
"cordoba",70,98
"cordoba",71,94
"cordoba",72,100
"cordoba",73,123
"cordoba",74,103
"cordoba",75,85
"cordoba",76,91
"cordoba",77,88
"cordoba",78,93
"cordoba",79,99
"cordoba",80,93
"cordoba",81,106
"cordoba",82,112
"cordoba",83,113
"cordoba",84,665
"cundinamarca",0,4
"cundinamarca",1,1
"cundinamarca",3,2
"cundinamarca",4,1
"cundinamarca",10,1
"cundinamarca",11,1
"cundinamarca",12,1
"cundinamarca",13,1
"cundinamarca",14,1
"cundinamarca",15,1
"cundinamarca",16,2
"cundinamarca",18,1
"cundinamarca",19,3
"cundinamarca",20,6
"cundinamarca",21,3
"cundinamarca",22,8
"cundinamarca",23,7
"cundinamarca",24,8
"cundinamarca",25,10
"cundinamarca",26,11
"cundinamarca",27,11
"cundinamarca",28,12
"cundinamarca",29,12
"cundinamarca",30,15
"cundinamarca",31,19
"cundinamarca",32,18
"cundinamarca",33,24
"cundinamarca",34,25
"cundinamarca",35,32
"cundinamarca",36,29
"cundinamarca",37,36
"cundinamarca",38,28
"cundinamarca",39,34
"cundinamarca",40,42
"cundinamarca",41,38
"cundinamarca",42,61
"cundinamarca",43,55
"cundinamarca",44,56
"cundinamarca",45,65
"cundinamarca",46,68
"cundinamarca",47,66
"cundinamarca",48,54
"cundinamarca",49,92
"cundinamarca",50,79
"cundinamarca",51,79
"cundinamarca",52,104
"cundinamarca",53,121
"cundinamarca",54,120
"cundinamarca",55,133
"cundinamarca",56,128
"cundinamarca",57,160
"cundinamarca",58,144
"cundinamarca",59,161
"cundinamarca",60,148
"cundinamarca",61,190
"cundinamarca",62,187
"cundinamarca",63,188
"cundinamarca",64,167
"cundinamarca",65,185
"cundinamarca",66,165
"cundinamarca",67,180
"cundinamarca",68,170
"cundinamarca",69,195
"cundinamarca",70,210
"cundinamarca",71,170
"cundinamarca",72,218
"cundinamarca",73,138
"cundinamarca",74,168
"cundinamarca",75,161
"cundinamarca",76,160
"cundinamarca",77,165
"cundinamarca",78,162
"cundinamarca",79,177
"cundinamarca",80,174
"cundinamarca",81,154
"cundinamarca",82,173
"cundinamarca",83,142
"cundinamarca",84,1084
"guainia",25,1
"guainia",33,1
"guainia",37,1
"guainia",39,1
"guainia",40,1
"guainia",42,1
"guainia",46,1
"guainia",48,1
"guainia",52,2
"guainia",54,4
"guainia",57,1
"guainia",58,1
"guainia",63,2
"guainia",64,1
"guainia",66,2
"guainia",68,2
"guainia",69,1
"guainia",70,1
"guainia",73,1
"guainia",74,3
"guainia",75,1
"guainia",79,1
"guainia",81,3
"guainia",83,1
"guainia",84,2
"la_guajira",0,5
"la_guajira",1,2
"la_guajira",3,1
"la_guajira",12,1
"la_guajira",14,1
"la_guajira",16,1
"la_guajira",18,2
"la_guajira",19,2
"la_guajira",20,3
"la_guajira",21,1
"la_guajira",22,3
"la_guajira",23,1
"la_guajira",24,1
"la_guajira",25,4
"la_guajira",26,4
"la_guajira",27,2
"la_guajira",28,5
"la_guajira",29,5
"la_guajira",30,3
"la_guajira",31,2
"la_guajira",32,5
"la_guajira",33,9
"la_guajira",34,6
"la_guajira",35,4
"la_guajira",36,8
"la_guajira",37,12
"la_guajira",38,7
"la_guajira",39,15
"la_guajira",40,13
"la_guajira",41,12
"la_guajira",42,15
"la_guajira",43,11
"la_guajira",44,15
"la_guajira",45,16
"la_guajira",46,19
"la_guajira",47,16
"la_guajira",48,14
"la_guajira",49,16
"la_guajira",50,20
"la_guajira",51,19
"la_guajira",52,25
"la_guajira",53,24
"la_guajira",54,25
"la_guajira",55,32
"la_guajira",56,18
"la_guajira",57,35
"la_guajira",58,26
"la_guajira",59,28
"la_guajira",60,41
"la_guajira",61,35
"la_guajira",62,38
"la_guajira",63,42
"la_guajira",64,36
"la_guajira",65,35
"la_guajira",66,29
"la_guajira",67,32
"la_guajira",68,40
"la_guajira",69,43
"la_guajira",70,38
"la_guajira",71,35
"la_guajira",72,26
"la_guajira",73,31
"la_guajira",74,38
"la_guajira",75,28
"la_guajira",76,23
"la_guajira",77,38
"la_guajira",78,49
"la_guajira",79,32
"la_guajira",80,33
"la_guajira",81,35
"la_guajira",82,29
"la_guajira",83,19
"la_guajira",84,215
"guaviare",25,1
"guaviare",32,1
"guaviare",33,1
"guaviare",38,2
"guaviare",39,1
"guaviare",41,1
"guaviare",42,1
"guaviare",47,2
"guaviare",48,1
"guaviare",49,2
"guaviare",50,1
"guaviare",51,2
"guaviare",53,2
"guaviare",55,3
"guaviare",56,2
"guaviare",57,2
"guaviare",58,3
"guaviare",60,4
"guaviare",61,1
"guaviare",62,2
"guaviare",63,6
"guaviare",64,3
"guaviare",66,2
"guaviare",67,3
"guaviare",68,7
"guaviare",69,1
"guaviare",70,3
"guaviare",71,3
"guaviare",72,1
"guaviare",73,3
"guaviare",74,4
"guaviare",75,3
"guaviare",76,1
"guaviare",77,3
"guaviare",78,2
"guaviare",79,3
"guaviare",80,3
"guaviare",81,1
"guaviare",82,5
"guaviare",83,2
"guaviare",84,11
"huila",0,4
"huila",2,1
"huila",3,1
"huila",6,2
"huila",8,1
"huila",10,1
"huila",17,2
"huila",18,2
"huila",19,2
"huila",20,2
"huila",21,3
"huila",22,3
"huila",23,3
"huila",24,1
"huila",25,2
"huila",26,6
"huila",27,7
"huila",28,5
"huila",29,10
"huila",30,7
"huila",31,8
"huila",32,11
"huila",33,10
"huila",34,4
"huila",35,14
"huila",36,8
"huila",37,14
"huila",38,17
"huila",39,19
"huila",40,14
"huila",41,23
"huila",42,22
"huila",43,16
"huila",44,32
"huila",45,31
"huila",46,25
"huila",47,29
"huila",48,28
"huila",49,26
"huila",50,44
"huila",51,35
"huila",52,36
"huila",53,50
"huila",54,47
"huila",55,47
"huila",56,54
"huila",57,64
"huila",58,50
"huila",59,56
"huila",60,70
"huila",61,67
"huila",62,75
"huila",63,72
"huila",64,92
"huila",65,70
"huila",66,87
"huila",67,101
"huila",68,93
"huila",69,96
"huila",70,97
"huila",71,102
"huila",72,82
"huila",73,103
"huila",74,89
"huila",75,95
"huila",76,81
"huila",77,107
"huila",78,99
"huila",79,102
"huila",80,80
"huila",81,81
"huila",82,82
"huila",83,92
"huila",84,582
"magdalena",0,1
"magdalena",10,1
"magdalena",17,1
"magdalena",18,1
"magdalena",20,1
"magdalena",21,3
"magdalena",23,1
"magdalena",24,1
"magdalena",25,1
"magdalena",26,2
"magdalena",27,4
"magdalena",28,5
"magdalena",29,4
"magdalena",30,4
"magdalena",31,5
"magdalena",32,3
"magdalena",33,4
"magdalena",34,3
"magdalena",35,8
"magdalena",36,6
"magdalena",37,7
"magdalena",38,4
"magdalena",39,5
"magdalena",40,7
"magdalena",41,16
"magdalena",42,9
"magdalena",43,10
"magdalena",44,13
"magdalena",45,6
"magdalena",46,8
"magdalena",47,13
"magdalena",48,13
"magdalena",49,15
"magdalena",50,15
"magdalena",51,19
"magdalena",52,16
"magdalena",53,20
"magdalena",54,29
"magdalena",55,22
"magdalena",56,26
"magdalena",57,17
"magdalena",58,23
"magdalena",59,22
"magdalena",60,43
"magdalena",61,29
"magdalena",62,38
"magdalena",63,31
"magdalena",64,39
"magdalena",65,32
"magdalena",66,38
"magdalena",67,49
"magdalena",68,35
"magdalena",69,51
"magdalena",70,47
"magdalena",71,44
"magdalena",72,42
"magdalena",73,37
"magdalena",74,33
"magdalena",75,27
"magdalena",76,33
"magdalena",77,30
"magdalena",78,38
"magdalena",79,45
"magdalena",80,44
"magdalena",81,38
"magdalena",82,37
"magdalena",83,36
"magdalena",84,251
"meta",0,3
"meta",1,1
"meta",2,1
"meta",4,1
"meta",5,1
"meta",7,1
"meta",20,1
"meta",21,4
"meta",22,1
"meta",23,1
"meta",24,8
"meta",25,5
"meta",26,2
"meta",27,3
"meta",28,2
"meta",29,9
"meta",30,6
"meta",31,6
"meta",32,13
"meta",33,10
"meta",34,5
"meta",35,10
"meta",36,13
"meta",37,10
"meta",38,11
"meta",39,12
"meta",40,15
"meta",41,24
"meta",42,24
"meta",43,16
"meta",44,23
"meta",45,32
"meta",46,22
"meta",47,35
"meta",48,22
"meta",49,27
"meta",50,28
"meta",51,23
"meta",52,40
"meta",53,30
"meta",54,34
"meta",55,35
"meta",56,48
"meta",57,50
"meta",58,62
"meta",59,58
"meta",60,61
"meta",61,46
"meta",62,59
"meta",63,63
"meta",64,58
"meta",65,57
"meta",66,68
"meta",67,92
"meta",68,56
"meta",69,54
"meta",70,56
"meta",71,62
"meta",72,64
"meta",73,85
"meta",74,74
"meta",75,67
"meta",76,44
"meta",77,68
"meta",78,55
"meta",79,55
"meta",80,57
"meta",81,52
"meta",82,62
"meta",83,54
"meta",84,360
"narino",0,2
"narino",1,1
"narino",2,1
"narino",3,2
"narino",5,1
"narino",7,1
"narino",12,1
"narino",14,1
"narino",16,2
"narino",18,3
"narino",20,4
"narino",21,2
"narino",22,2
"narino",23,4
"narino",24,2
"narino",25,2
"narino",26,6
"narino",27,5
"narino",28,5
"narino",29,8
"narino",30,5
"narino",31,6
"narino",32,6
"narino",33,13
"narino",34,7
"narino",35,14
"narino",36,12
"narino",37,20
"narino",38,13
"narino",39,20
"narino",40,23
"narino",41,19
"narino",42,29
"narino",43,21
"narino",44,25
"narino",45,34
"narino",46,22
"narino",47,24
"narino",48,28
"narino",49,24
"narino",50,40
"narino",51,38
"narino",52,43
"narino",53,43
"narino",54,52
"narino",55,47
"narino",56,51
"narino",57,51
"narino",58,65
"narino",59,59
"narino",60,66
"narino",61,64
"narino",62,86
"narino",63,61
"narino",64,83
"narino",65,79
"narino",66,60
"narino",67,69
"narino",68,76
"narino",69,66
"narino",70,82
"narino",71,92
"narino",72,80
"narino",73,80
"narino",74,100
"narino",75,94
"narino",76,90
"narino",77,73
"narino",78,81
"narino",79,93
"narino",80,96
"narino",81,79
"narino",82,74
"narino",83,77
"narino",84,619
"norte_de_santander",0,8
"norte_de_santander",1,2
"norte_de_santander",2,2
"norte_de_santander",3,1
"norte_de_santander",4,2
"norte_de_santander",8,1
"norte_de_santander",9,1
"norte_de_santander",12,2
"norte_de_santander",13,1
"norte_de_santander",15,2
"norte_de_santander",16,2
"norte_de_santander",18,2
"norte_de_santander",19,3
"norte_de_santander",20,4
"norte_de_santander",21,2
"norte_de_santander",22,5
"norte_de_santander",23,1
"norte_de_santander",24,5
"norte_de_santander",25,8
"norte_de_santander",26,12
"norte_de_santander",27,10
"norte_de_santander",28,9
"norte_de_santander",29,10
"norte_de_santander",30,15
"norte_de_santander",31,12
"norte_de_santander",32,14
"norte_de_santander",33,27
"norte_de_santander",34,26
"norte_de_santander",35,16
"norte_de_santander",36,23
"norte_de_santander",37,20
"norte_de_santander",38,30
"norte_de_santander",39,19
"norte_de_santander",40,40
"norte_de_santander",41,30
"norte_de_santander",42,47
"norte_de_santander",43,44
"norte_de_santander",44,37
"norte_de_santander",45,45
"norte_de_santander",46,46
"norte_de_santander",47,43
"norte_de_santander",48,63
"norte_de_santander",49,64
"norte_de_santander",50,57
"norte_de_santander",51,56
"norte_de_santander",52,70
"norte_de_santander",53,65
"norte_de_santander",54,78
"norte_de_santander",55,75
"norte_de_santander",56,89
"norte_de_santander",57,97
"norte_de_santander",58,105
"norte_de_santander",59,117
"norte_de_santander",60,112
"norte_de_santander",61,108
"norte_de_santander",62,123
"norte_de_santander",63,114
"norte_de_santander",64,127
"norte_de_santander",65,126
"norte_de_santander",66,115
"norte_de_santander",67,144
"norte_de_santander",68,124
"norte_de_santander",69,135
"norte_de_santander",70,127
"norte_de_santander",71,141
"norte_de_santander",72,143
"norte_de_santander",73,134
"norte_de_santander",74,136
"norte_de_santander",75,138
"norte_de_santander",76,113
"norte_de_santander",77,124
"norte_de_santander",78,100
"norte_de_santander",79,118
"norte_de_santander",80,130
"norte_de_santander",81,119
"norte_de_santander",82,106
"norte_de_santander",83,87
"norte_de_santander",84,699
"putumayo",1,1
"putumayo",8,1
"putumayo",21,1
"putumayo",23,1
"putumayo",24,2
"putumayo",25,6
"putumayo",26,4
"putumayo",27,2
"putumayo",28,5
"putumayo",29,1
"putumayo",30,3
"putumayo",31,4
"putumayo",32,1
"putumayo",34,2
"putumayo",35,2
"putumayo",36,6
"putumayo",37,8
"putumayo",38,4
"putumayo",39,5
"putumayo",40,5
"putumayo",41,7
"putumayo",42,6
"putumayo",43,5
"putumayo",44,11
"putumayo",45,9
"putumayo",46,9
"putumayo",47,6
"putumayo",48,4
"putumayo",49,7
"putumayo",50,12
"putumayo",51,13
"putumayo",52,15
"putumayo",53,10
"putumayo",54,8
"putumayo",55,13
"putumayo",56,21
"putumayo",57,16
"putumayo",58,15
"putumayo",59,14
"putumayo",60,20
"putumayo",61,23
"putumayo",62,25
"putumayo",63,17
"putumayo",64,15
"putumayo",65,15
"putumayo",66,19
"putumayo",67,16
"putumayo",68,18
"putumayo",69,26
"putumayo",70,14
"putumayo",71,19
"putumayo",72,15
"putumayo",73,23
"putumayo",74,20
"putumayo",75,21
"putumayo",76,20
"putumayo",77,18
"putumayo",78,18
"putumayo",79,15
"putumayo",80,12
"putumayo",81,16
"putumayo",82,12
"putumayo",83,8
"putumayo",84,102
"quindio",11,1
"quindio",15,1
"quindio",18,1
"quindio",21,2
"quindio",22,1
"quindio",23,4
"quindio",24,1
"quindio",25,4
"quindio",27,1
"quindio",28,5
"quindio",29,3
"quindio",30,6
"quindio",31,5
"quindio",32,5
"quindio",33,5
"quindio",34,7
"quindio",35,1
"quindio",36,1
"quindio",37,5
"quindio",38,4
"quindio",39,6
"quindio",40,7
"quindio",41,10
"quindio",42,9
"quindio",43,5
"quindio",44,15
"quindio",45,12
"quindio",46,10
"quindio",47,23
"quindio",48,18
"quindio",49,12
"quindio",50,11
"quindio",51,14
"quindio",52,32
"quindio",53,25
"quindio",54,23
"quindio",55,24
"quindio",56,29
"quindio",57,30
"quindio",58,23
"quindio",59,23
"quindio",60,32
"quindio",61,41
"quindio",62,47
"quindio",63,29
"quindio",64,44
"quindio",65,43
"quindio",66,39
"quindio",67,59
"quindio",68,45
"quindio",69,51
"quindio",70,67
"quindio",71,56
"quindio",72,67
"quindio",73,61
"quindio",74,67
"quindio",75,65
"quindio",76,60
"quindio",77,56
"quindio",78,60
"quindio",79,68
"quindio",80,51
"quindio",81,56
"quindio",82,43
"quindio",83,70
"quindio",84,387
"risaralda",0,1
"risaralda",9,1
"risaralda",11,1
"risaralda",18,1
"risaralda",21,6
"risaralda",22,1
"risaralda",23,2
"risaralda",24,3
"risaralda",25,5
"risaralda",26,7
"risaralda",27,5
"risaralda",28,5
"risaralda",29,3
"risaralda",30,10
"risaralda",31,1
"risaralda",32,2
"risaralda",33,7
"risaralda",34,4
"risaralda",35,5
"risaralda",36,11
"risaralda",37,5
"risaralda",38,16
"risaralda",39,5
"risaralda",40,11
"risaralda",41,16
"risaralda",42,13
"risaralda",43,11
"risaralda",44,15
"risaralda",45,16
"risaralda",46,11
"risaralda",47,8
"risaralda",48,13
"risaralda",49,22
"risaralda",50,22
"risaralda",51,20
"risaralda",52,28
"risaralda",53,29
"risaralda",54,35
"risaralda",55,31
"risaralda",56,35
"risaralda",57,36
"risaralda",58,56
"risaralda",59,32
"risaralda",60,53
"risaralda",61,51
"risaralda",62,59
"risaralda",63,52
"risaralda",64,72
"risaralda",65,52
"risaralda",66,58
"risaralda",67,65
"risaralda",68,71
"risaralda",69,61
"risaralda",70,62
"risaralda",71,49
"risaralda",72,72
"risaralda",73,79
"risaralda",74,77
"risaralda",75,74
"risaralda",76,81
"risaralda",77,73
"risaralda",78,67
"risaralda",79,53
"risaralda",80,75
"risaralda",81,59
"risaralda",82,57
"risaralda",83,58
"risaralda",84,425
"san_andres",0,1
"san_andres",1,1
"san_andres",5,2
"san_andres",27,1
"san_andres",28,1
"san_andres",31,2
"san_andres",32,2
"san_andres",34,1
"san_andres",40,2
"san_andres",46,1
"san_andres",50,2
"san_andres",51,3
"san_andres",53,2
"san_andres",54,4
"san_andres",56,4
"san_andres",57,4
"san_andres",58,4
"san_andres",59,7
"san_andres",60,9
"san_andres",61,2
"san_andres",62,8
"san_andres",63,4
"san_andres",64,5
"san_andres",65,4
"san_andres",66,6
"san_andres",67,3
"san_andres",68,5
"san_andres",69,5
"san_andres",70,3
"san_andres",71,4
"san_andres",72,3
"san_andres",73,3
"san_andres",74,4
"san_andres",75,4
"san_andres",76,5
"san_andres",78,4
"san_andres",79,4
"san_andres",80,3
"san_andres",81,3
"san_andres",82,2
"san_andres",83,4
"san_andres",84,16
"santander",0,4
"santander",4,1
"santander",5,1
"santander",8,1
"santander",12,1
"santander",15,1
"santander",16,2
"santander",17,1
"santander",18,2
"santander",19,5
"santander",20,7
"santander",21,4
"santander",22,7
"santander",23,6
"santander",24,7
"santander",25,8
"santander",26,22
"santander",27,10
"santander",28,10
"santander",29,17
"santander",30,23
"santander",31,15
"santander",32,16
"santander",33,29
"santander",34,37
"santander",35,39
"santander",36,38
"santander",37,38
"santander",38,41
"santander",39,45
"santander",40,53
"santander",41,49
"santander",42,49
"santander",43,55
"santander",44,72
"santander",45,73
"santander",46,75
"santander",47,74
"santander",48,71
"santander",49,98
"santander",50,107
"santander",51,101
"santander",52,104
"santander",53,127
"santander",54,135
"santander",55,130
"santander",56,162
"santander",57,152
"santander",58,138
"santander",59,179
"santander",60,143
"santander",61,168
"santander",62,186
"santander",63,166
"santander",64,192
"santander",65,201
"santander",66,189
"santander",67,184
"santander",68,185
"santander",69,205
"santander",70,195
"santander",71,207
"santander",72,204
"santander",73,187
"santander",74,213
"santander",75,189
"santander",76,196
"santander",77,210
"santander",78,193
"santander",79,183
"santander",80,224
"santander",81,145
"santander",82,171
"santander",83,168
"santander",84,1472
"magdalena",0,3
"magdalena",14,1
"magdalena",16,1
"magdalena",17,2
"magdalena",19,1
"magdalena",20,3
"magdalena",21,3
"magdalena",22,1
"magdalena",24,4
"magdalena",25,3
"magdalena",26,2
"magdalena",27,3
"magdalena",28,7
"magdalena",29,4
"magdalena",30,5
"magdalena",31,4
"magdalena",32,4
"magdalena",34,7
"magdalena",35,4
"magdalena",36,8
"magdalena",37,13
"magdalena",38,11
"magdalena",39,12
"magdalena",40,18
"magdalena",41,21
"magdalena",42,15
"magdalena",43,21
"magdalena",44,16
"magdalena",45,20
"magdalena",46,24
"magdalena",47,21
"magdalena",48,24
"magdalena",49,18
"magdalena",50,24
"magdalena",51,19
"magdalena",52,21
"magdalena",53,30
"magdalena",54,28
"magdalena",55,36
"magdalena",56,40
"magdalena",57,44
"magdalena",58,49
"magdalena",59,37
"magdalena",60,43
"magdalena",61,35
"magdalena",62,66
"magdalena",63,55
"magdalena",64,53
"magdalena",65,42
"magdalena",66,39
"magdalena",67,58
"magdalena",68,51
"magdalena",69,55
"magdalena",70,61
"magdalena",71,55
"magdalena",72,47
"magdalena",73,64
"magdalena",74,61
"magdalena",75,41
"magdalena",76,56
"magdalena",77,34
"magdalena",78,55
"magdalena",79,45
"magdalena",80,43
"magdalena",81,45
"magdalena",82,36
"magdalena",83,35
"magdalena",84,312
"sucre",0,4
"sucre",1,1
"sucre",2,1
"sucre",11,1
"sucre",14,2
"sucre",16,1
"sucre",18,1
"sucre",20,2
"sucre",22,2
"sucre",24,1
"sucre",25,2
"sucre",26,6
"sucre",27,1
"sucre",28,7
"sucre",29,4
"sucre",30,2
"sucre",31,4
"sucre",32,1
"sucre",33,6
"sucre",34,1
"sucre",35,5
"sucre",36,5
"sucre",37,4
"sucre",38,8
"sucre",39,6
"sucre",40,11
"sucre",41,8
"sucre",42,11
"sucre",43,9
"sucre",44,8
"sucre",45,7
"sucre",46,13
"sucre",47,7
"sucre",48,16
"sucre",49,18
"sucre",50,18
"sucre",51,20
"sucre",52,13
"sucre",53,15
"sucre",54,15
"sucre",55,19
"sucre",56,29
"sucre",57,34
"sucre",58,25
"sucre",59,23
"sucre",60,27
"sucre",61,36
"sucre",62,40
"sucre",63,37
"sucre",64,41
"sucre",65,28
"sucre",66,41
"sucre",67,46
"sucre",68,36
"sucre",69,45
"sucre",70,41
"sucre",71,39
"sucre",72,38
"sucre",73,43
"sucre",74,47
"sucre",75,56
"sucre",76,40
"sucre",77,45
"sucre",78,48
"sucre",79,44
"sucre",80,55
"sucre",81,53
"sucre",82,45
"sucre",83,52
"sucre",84,339
"tolima",0,3
"tolima",6,1
"tolima",12,1
"tolima",14,1
"tolima",17,1
"tolima",18,1
"tolima",20,1
"tolima",23,4
"tolima",24,2
"tolima",25,4
"tolima",26,3
"tolima",27,8
"tolima",28,7
"tolima",29,7
"tolima",30,9
"tolima",31,8
"tolima",32,6
"tolima",33,5
"tolima",34,6
"tolima",35,8
"tolima",36,10
"tolima",37,13
"tolima",38,14
"tolima",39,22
"tolima",40,16
"tolima",41,14
"tolima",42,18
"tolima",43,19
"tolima",44,27
"tolima",45,23
"tolima",46,19
"tolima",47,25
"tolima",48,27
"tolima",49,36
"tolima",50,39
"tolima",51,34
"tolima",52,40
"tolima",53,44
"tolima",54,43
"tolima",55,41
"tolima",56,59
"tolima",57,67
"tolima",58,70
"tolima",59,61
"tolima",60,73
"tolima",61,78
"tolima",62,75
"tolima",63,84
"tolima",64,93
"tolima",65,99
"tolima",66,87
"tolima",67,102
"tolima",68,96
"tolima",69,116
"tolima",70,127
"tolima",71,107
"tolima",72,101
"tolima",73,103
"tolima",74,118
"tolima",75,99
"tolima",76,106
"tolima",77,117
"tolima",78,102
"tolima",79,116
"tolima",80,121
"tolima",81,115
"tolima",82,119
"tolima",83,98
"tolima",84,783
"valle_del_cauca",0,3
"valle_del_cauca",1,1
"valle_del_cauca",3,1
"valle_del_cauca",4,1
"valle_del_cauca",5,3
"valle_del_cauca",6,1
"valle_del_cauca",7,1
"valle_del_cauca",9,2
"valle_del_cauca",10,1
"valle_del_cauca",11,2
"valle_del_cauca",13,2
"valle_del_cauca",14,1
"valle_del_cauca",15,2
"valle_del_cauca",16,4
"valle_del_cauca",17,5
"valle_del_cauca",18,3
"valle_del_cauca",19,7
"valle_del_cauca",20,6
"valle_del_cauca",21,8
"valle_del_cauca",22,10
"valle_del_cauca",23,8
"valle_del_cauca",24,9
"valle_del_cauca",25,19
"valle_del_cauca",26,14
"valle_del_cauca",27,23
"valle_del_cauca",28,24
"valle_del_cauca",29,14
"valle_del_cauca",30,23
"valle_del_cauca",31,16
"valle_del_cauca",32,28
"valle_del_cauca",33,40
"valle_del_cauca",34,48
"valle_del_cauca",35,35
"valle_del_cauca",36,47
"valle_del_cauca",37,52
"valle_del_cauca",38,43
"valle_del_cauca",39,54
"valle_del_cauca",40,66
"valle_del_cauca",41,81
"valle_del_cauca",42,81
"valle_del_cauca",43,66
"valle_del_cauca",44,81
"valle_del_cauca",45,95
"valle_del_cauca",46,85
"valle_del_cauca",47,115
"valle_del_cauca",48,118
"valle_del_cauca",49,135
"valle_del_cauca",50,107
"valle_del_cauca",51,133
"valle_del_cauca",52,139
"valle_del_cauca",53,145
"valle_del_cauca",54,198
"valle_del_cauca",55,195
"valle_del_cauca",56,190
"valle_del_cauca",57,234
"valle_del_cauca",58,249
"valle_del_cauca",59,254
"valle_del_cauca",60,282
"valle_del_cauca",61,283
"valle_del_cauca",62,313
"valle_del_cauca",63,330
"valle_del_cauca",64,312
"valle_del_cauca",65,359
"valle_del_cauca",66,401
"valle_del_cauca",67,364
"valle_del_cauca",68,373
"valle_del_cauca",69,363
"valle_del_cauca",70,406
"valle_del_cauca",71,433
"valle_del_cauca",72,388
"valle_del_cauca",73,413
"valle_del_cauca",74,418
"valle_del_cauca",75,413
"valle_del_cauca",76,407
"valle_del_cauca",77,413
"valle_del_cauca",78,347
"valle_del_cauca",79,391
"valle_del_cauca",80,420
"valle_del_cauca",81,426
"valle_del_cauca",82,410
"valle_del_cauca",83,375
"valle_del_cauca",84,3114
"vaupes",0,2
"vaupes",37,1
"vaupes",58,1
"vaupes",59,1
"vaupes",60,2
"vaupes",62,1
"vaupes",64,1
"vaupes",65,2
"vaupes",66,1
"vaupes",68,1
"vaupes",69,1
"vaupes",70,1
"vaupes",77,1
"vaupes",82,1
"vaupes",83,3
"vaupes",84,2
"vichada",0,3
"vichada",34,1
"vichada",37,1
"vichada",38,1
"vichada",42,1
"vichada",43,1
"vichada",47,1
"vichada",48,1
"vichada",49,2
"vichada",50,1
"vichada",53,2
"vichada",55,1
"vichada",57,1
"vichada",58,1
"vichada",60,4
"vichada",61,1
"vichada",62,2
"vichada",63,2
"vichada",64,2
"vichada",65,1
"vichada",66,1
"vichada",67,2
"vichada",68,2
"vichada",69,2
"vichada",70,2
"vichada",71,4
"vichada",72,2
"vichada",74,2
"vichada",76,1
"vichada",77,3
"vichada",78,1
"vichada",79,1
"vichada",83,2
"vichada",84,10
