"departamento","grupo_edad","poblacionxedad"
"amazonas",0,1940
"amazonas",1,1904
"amazonas",2,1922
"amazonas",3,1934
"amazonas",4,1941
"amazonas",5,1946
"amazonas",6,1954
"amazonas",7,1950
"amazonas",8,1943
"amazonas",9,1940
"amazonas",10,1916
"amazonas",11,1897
"amazonas",12,1860
"amazonas",13,1823
"amazonas",14,1782
"amazonas",15,1735
"amazonas",16,1689
"amazonas",17,1627
"amazonas",18,1573
"amazonas",19,1506
"amazonas",20,1442
"amazonas",21,1375
"amazonas",22,1322
"amazonas",23,1271
"amazonas",24,1236
"amazonas",25,1216
"amazonas",26,1202
"amazonas",27,1192
"amazonas",28,1185
"amazonas",29,1157
"amazonas",30,1119
"amazonas",31,1096
"amazonas",32,1082
"amazonas",33,1056
"amazonas",34,1037
"amazonas",35,1013
"amazonas",36,985
"amazonas",37,952
"amazonas",38,923
"amazonas",39,887
"amazonas",40,860
"amazonas",41,827
"amazonas",42,792
"amazonas",43,763
"amazonas",44,734
"amazonas",45,711
"amazonas",46,695
"amazonas",47,678
"amazonas",48,659
"amazonas",49,639
"amazonas",50,615
"amazonas",51,583
"amazonas",52,559
"amazonas",53,528
"amazonas",54,514
"amazonas",55,504
"amazonas",56,495
"amazonas",57,475
"amazonas",58,458
"amazonas",59,431
"amazonas",60,413
"amazonas",61,383
"amazonas",62,360
"amazonas",63,343
"amazonas",64,316
"amazonas",65,304
"amazonas",66,295
"amazonas",67,274
"amazonas",68,260
"amazonas",69,235
"amazonas",70,207
"amazonas",71,183
"amazonas",72,157
"amazonas",73,144
"amazonas",74,136
"amazonas",75,129
"amazonas",76,125
"amazonas",77,121
"amazonas",78,114
"amazonas",79,108
"amazonas",80,100
"amazonas",81,100
"amazonas",82,92
"amazonas",83,86
"amazonas",84,82
"amazonas",85,636
"antioquia",0,91439
"antioquia",1,91342
"antioquia",2,91545
"antioquia",3,91746
"antioquia",4,91882
"antioquia",5,92073
"antioquia",6,92337
"antioquia",7,92672
"antioquia",8,93106
"antioquia",9,93690
"antioquia",10,94426
"antioquia",11,95308
"antioquia",12,96372
"antioquia",13,97625
"antioquia",14,99063
"antioquia",15,100720
"antioquia",16,102593
"antioquia",17,104577
"antioquia",18,106762
"antioquia",19,109198
"antioquia",20,111591
"antioquia",21,113560
"antioquia",22,115012
"antioquia",23,115958
"antioquia",24,116211
"antioquia",25,115879
"antioquia",26,115244
"antioquia",27,114356
"antioquia",28,112885
"antioquia",29,110764
"antioquia",30,108270
"antioquia",31,105872
"antioquia",32,103595
"antioquia",33,101692
"antioquia",34,100409
"antioquia",35,99420
"antioquia",36,98379
"antioquia",37,97070
"antioquia",38,95061
"antioquia",39,92096
"antioquia",40,88413
"antioquia",41,84661
"antioquia",42,81056
"antioquia",43,78219
"antioquia",44,76628
"antioquia",45,76019
"antioquia",46,75916
"antioquia",47,76168
"antioquia",48,76839
"antioquia",49,77873
"antioquia",50,79030
"antioquia",51,79981
"antioquia",52,80730
"antioquia",53,80779
"antioquia",54,79910
"antioquia",55,78303
"antioquia",56,76293
"antioquia",57,73946
"antioquia",58,71369
"antioquia",59,68711
"antioquia",60,65988
"antioquia",61,63062
"antioquia",62,60100
"antioquia",63,57068
"antioquia",64,54103
"antioquia",65,51139
"antioquia",66,48236
"antioquia",67,45374
"antioquia",68,42599
"antioquia",69,39970
"antioquia",70,37423
"antioquia",71,34938
"antioquia",72,32515
"antioquia",73,30077
"antioquia",74,27662
"antioquia",75,25319
"antioquia",76,23060
"antioquia",77,20844
"antioquia",78,18856
"antioquia",79,16981
"antioquia",80,15235
"antioquia",81,13660
"antioquia",82,12200
"antioquia",83,10864
"antioquia",84,9658
"antioquia",85,60631
"arauca",0,5748
"arauca",1,5759
"arauca",2,5704
"arauca",3,5650
"arauca",4,5590
"arauca",5,5527
"arauca",6,5474
"arauca",7,5424
"arauca",8,5375
"arauca",9,5338
"arauca",10,5306
"arauca",11,5286
"arauca",12,5268
"arauca",13,5264
"arauca",14,5267
"arauca",15,5278
"arauca",16,5288
"arauca",17,5308
"arauca",18,5313
"arauca",19,5307
"arauca",20,5297
"arauca",21,5274
"arauca",22,5241
"arauca",23,5202
"arauca",24,5180
"arauca",25,5139
"arauca",26,5088
"arauca",27,5008
"arauca",28,4906
"arauca",29,4768
"arauca",30,4624
"arauca",31,4487
"arauca",32,4361
"arauca",33,4248
"arauca",34,4157
"arauca",35,4072
"arauca",36,3996
"arauca",37,3895
"arauca",38,3788
"arauca",39,3677
"arauca",40,3549
"arauca",41,3423
"arauca",42,3296
"arauca",43,3186
"arauca",44,3096
"arauca",45,3028
"arauca",46,2971
"arauca",47,2936
"arauca",48,2899
"arauca",49,2833
"arauca",50,2759
"arauca",51,2680
"arauca",52,2598
"arauca",53,2504
"arauca",54,2423
"arauca",55,2337
"arauca",56,2237
"arauca",57,2129
"arauca",58,2022
"arauca",59,1913
"arauca",60,1811
"arauca",61,1695
"arauca",62,1600
"arauca",63,1491
"arauca",64,1401
"arauca",65,1305
"arauca",66,1217
"arauca",67,1134
"arauca",68,1063
"arauca",69,987
"arauca",70,931
"arauca",71,861
"arauca",72,807
"arauca",73,752
"arauca",74,705
"arauca",75,654
"arauca",76,607
"arauca",77,557
"arauca",78,517
"arauca",79,476
"arauca",80,439
"arauca",81,396
"arauca",82,365
"arauca",83,331
"arauca",84,303
"arauca",85,2003
"atlantico",0,43965
"atlantico",1,44348
"atlantico",2,44296
"atlantico",3,44260
"atlantico",4,44206
"atlantico",5,44147
"atlantico",6,44115
"atlantico",7,44098
"atlantico",8,44095
"atlantico",9,44123
"atlantico",10,44191
"atlantico",11,44286
"atlantico",12,44439
"atlantico",13,44617
"atlantico",14,44866
"atlantico",15,45161
"atlantico",16,45528
"atlantico",17,45894
"atlantico",18,46170
"atlantico",19,46282
"atlantico",20,46219
"atlantico",21,46038
"atlantico",22,45705
"atlantico",23,45421
"atlantico",24,45260
"atlantico",25,45133
"atlantico",26,44867
"atlantico",27,44452
"atlantico",28,43870
"atlantico",29,43020
"atlantico",30,42056
"atlantico",31,41163
"atlantico",32,40356
"atlantico",33,39702
"atlantico",34,39232
"atlantico",35,38872
"atlantico",36,38496
"atlantico",37,37998
"atlantico",38,37302
"atlantico",39,36294
"atlantico",40,35095
"atlantico",41,33832
"atlantico",42,32623
"atlantico",43,31581
"atlantico",44,30789
"atlantico",45,30253
"atlantico",46,29896
"atlantico",47,29681
"atlantico",48,29570
"atlantico",49,29519
"atlantico",50,29465
"atlantico",51,29368
"atlantico",52,29172
"atlantico",53,28855
"atlantico",54,28397
"atlantico",55,27812
"atlantico",56,27081
"atlantico",57,26251
"atlantico",58,25313
"atlantico",59,24231
"atlantico",60,23089
"atlantico",61,21909
"atlantico",62,20718
"atlantico",63,19562
"atlantico",64,18491
"atlantico",65,17484
"atlantico",66,16495
"atlantico",67,15549
"atlantico",68,14578
"atlantico",69,13622
"atlantico",70,12651
"atlantico",71,11717
"atlantico",72,10805
"atlantico",73,9960
"atlantico",74,9164
"atlantico",75,8424
"atlantico",76,7690
"atlantico",77,7011
"atlantico",78,6353
"atlantico",79,5757
"atlantico",80,5209
"atlantico",81,4688
"atlantico",82,4213
"atlantico",83,3781
"atlantico",84,3386
"atlantico",85,22518
"bogota_d_c",0,98653
"bogota_d_c",1,97573
"bogota_d_c",2,97197
"bogota_d_c",3,96701
"bogota_d_c",4,96217
"bogota_d_c",5,95822
"bogota_d_c",6,95536
"bogota_d_c",7,95395
"bogota_d_c",8,95447
"bogota_d_c",9,95708
"bogota_d_c",10,96212
"bogota_d_c",11,97010
"bogota_d_c",12,98138
"bogota_d_c",13,99636
"bogota_d_c",14,101556
"bogota_d_c",15,103997
"bogota_d_c",16,107074
"bogota_d_c",17,110922
"bogota_d_c",18,116317
"bogota_d_c",19,123706
"bogota_d_c",20,131883
"bogota_d_c",21,139203
"bogota_d_c",22,145948
"bogota_d_c",23,150156
"bogota_d_c",24,150941
"bogota_d_c",25,149375
"bogota_d_c",26,147581
"bogota_d_c",27,145352
"bogota_d_c",28,142598
"bogota_d_c",29,139548
"bogota_d_c",30,136342
"bogota_d_c",31,133053
"bogota_d_c",32,129886
"bogota_d_c",33,127226
"bogota_d_c",34,125326
"bogota_d_c",35,123879
"bogota_d_c",36,122307
"bogota_d_c",37,120347
"bogota_d_c",38,117868
"bogota_d_c",39,114711
"bogota_d_c",40,111066
"bogota_d_c",41,107221
"bogota_d_c",42,103588
"bogota_d_c",43,100367
"bogota_d_c",44,97741
"bogota_d_c",45,95747
"bogota_d_c",46,94441
"bogota_d_c",47,93591
"bogota_d_c",48,93233
"bogota_d_c",49,93322
"bogota_d_c",50,93636
"bogota_d_c",51,93722
"bogota_d_c",52,93478
"bogota_d_c",53,92797
"bogota_d_c",54,91563
"bogota_d_c",55,89793
"bogota_d_c",56,87598
"bogota_d_c",57,85040
"bogota_d_c",58,82047
"bogota_d_c",59,78621
"bogota_d_c",60,74886
"bogota_d_c",61,71059
"bogota_d_c",62,67169
"bogota_d_c",63,63339
"bogota_d_c",64,59647
"bogota_d_c",65,56097
"bogota_d_c",66,52625
"bogota_d_c",67,49208
"bogota_d_c",68,45963
"bogota_d_c",69,42928
"bogota_d_c",70,40056
"bogota_d_c",71,37243
"bogota_d_c",72,34499
"bogota_d_c",73,31870
"bogota_d_c",74,29351
"bogota_d_c",75,26919
"bogota_d_c",76,24563
"bogota_d_c",77,22307
"bogota_d_c",78,20195
"bogota_d_c",79,18243
"bogota_d_c",80,16438
"bogota_d_c",81,14775
"bogota_d_c",82,13249
"bogota_d_c",83,11843
"bogota_d_c",84,10554
"bogota_d_c",85,66886
"bolivar",0,39183
"bolivar",1,39477
"bolivar",2,39307
"bolivar",3,39128
"bolivar",4,38958
"bolivar",5,38781
"bolivar",6,38620
"bolivar",7,38491
"bolivar",8,38378
"bolivar",9,38300
"bolivar",10,38249
"bolivar",11,38267
"bolivar",12,38314
"bolivar",13,38402
"bolivar",14,38550
"bolivar",15,38723
"bolivar",16,38913
"bolivar",17,39088
"bolivar",18,39065
"bolivar",19,38674
"bolivar",20,38066
"bolivar",21,37404
"bolivar",22,36639
"bolivar",23,35983
"bolivar",24,35629
"bolivar",25,35402
"bolivar",26,35038
"bolivar",27,34641
"bolivar",28,34100
"bolivar",29,33380
"bolivar",30,32536
"bolivar",31,31793
"bolivar",32,31182
"bolivar",33,30597
"bolivar",34,30080
"bolivar",35,29605
"bolivar",36,29121
"bolivar",37,28566
"bolivar",38,27956
"bolivar",39,27331
"bolivar",40,26669
"bolivar",41,25963
"bolivar",42,25308
"bolivar",43,24706
"bolivar",44,24176
"bolivar",45,23757
"bolivar",46,23472
"bolivar",47,23330
"bolivar",48,23209
"bolivar",49,23089
"bolivar",50,22938
"bolivar",51,22739
"bolivar",52,22479
"bolivar",53,22102
"bolivar",54,21589
"bolivar",55,20950
"bolivar",56,20245
"bolivar",57,19416
"bolivar",58,18593
"bolivar",59,17836
"bolivar",60,17113
"bolivar",61,16341
"bolivar",62,15572
"bolivar",63,14814
"bolivar",64,14066
"bolivar",65,13329
"bolivar",66,12636
"bolivar",67,11964
"bolivar",68,11270
"bolivar",69,10549
"bolivar",70,9790
"bolivar",71,9071
"bolivar",72,8360
"bolivar",73,7698
"bolivar",74,7162
"bolivar",75,6647
"bolivar",76,6148
"bolivar",77,5661
"bolivar",78,5194
"bolivar",79,4771
"bolivar",80,4360
"bolivar",81,3973
"bolivar",82,3633
"bolivar",83,3302
"bolivar",84,3001
"bolivar",85,21604
"boyaca",0,18129
"boyaca",1,18301
"boyaca",2,18486
"boyaca",3,18588
"boyaca",4,18735
"boyaca",5,18863
"boyaca",6,19000
"boyaca",7,19136
"boyaca",8,19246
"boyaca",9,19401
"boyaca",10,19528
"boyaca",11,19635
"boyaca",12,19759
"boyaca",13,19860
"boyaca",14,19940
"boyaca",15,19996
"boyaca",16,20004
"boyaca",17,20059
"boyaca",18,19927
"boyaca",19,19826
"boyaca",20,19605
"boyaca",21,19347
"boyaca",22,19027
"boyaca",23,18699
"boyaca",24,18425
"boyaca",25,18121
"boyaca",26,17759
"boyaca",27,17297
"boyaca",28,16949
"boyaca",29,16773
"boyaca",30,16662
"boyaca",31,16640
"boyaca",32,16720
"boyaca",33,16790
"boyaca",34,16848
"boyaca",35,16902
"boyaca",36,16914
"boyaca",37,16918
"boyaca",38,16848
"boyaca",39,16684
"boyaca",40,16506
"boyaca",41,16266
"boyaca",42,16048
"boyaca",43,15801
"boyaca",44,15582
"boyaca",45,15307
"boyaca",46,15201
"boyaca",47,15141
"boyaca",48,15062
"boyaca",49,14990
"boyaca",50,14882
"boyaca",51,14742
"boyaca",52,14538
"boyaca",53,14363
"boyaca",54,14132
"boyaca",55,13960
"boyaca",56,13694
"boyaca",57,13384
"boyaca",58,13034
"boyaca",59,12663
"boyaca",60,12296
"boyaca",61,11915
"boyaca",62,11502
"boyaca",63,11111
"boyaca",64,10646
"boyaca",65,10173
"boyaca",66,9732
"boyaca",67,9281
"boyaca",68,8821
"boyaca",69,8350
"boyaca",70,7881
"boyaca",71,7398
"boyaca",72,6944
"boyaca",73,6494
"boyaca",74,6091
"boyaca",75,5688
"boyaca",76,5324
"boyaca",77,4925
"boyaca",78,4576
"boyaca",79,4238
"boyaca",80,3892
"boyaca",81,3616
"boyaca",82,3321
"boyaca",83,3037
"boyaca",84,2778
"boyaca",85,19237
"caldas",0,12792
"caldas",1,12844
"caldas",2,12840
"caldas",3,12830
"caldas",4,12822
"caldas",5,12827
"caldas",6,12856
"caldas",7,12884
"caldas",8,12953
"caldas",9,13060
"caldas",10,13181
"caldas",11,13373
"caldas",12,13584
"caldas",13,13851
"caldas",14,14135
"caldas",15,14439
"caldas",16,14749
"caldas",17,15028
"caldas",18,15280
"caldas",19,15440
"caldas",20,15582
"caldas",21,15651
"caldas",22,15658
"caldas",23,15663
"caldas",24,15671
"caldas",25,15645
"caldas",26,15515
"caldas",27,15328
"caldas",28,15071
"caldas",29,14785
"caldas",30,14475
"caldas",31,14200
"caldas",32,13918
"caldas",33,13793
"caldas",34,13812
"caldas",35,13931
"caldas",36,14055
"caldas",37,14138
"caldas",38,14097
"caldas",39,13828
"caldas",40,13451
"caldas",41,13058
"caldas",42,12688
"caldas",43,12433
"caldas",44,12378
"caldas",45,12444
"caldas",46,12586
"caldas",47,12801
"caldas",48,12991
"caldas",49,13136
"caldas",50,13237
"caldas",51,13311
"caldas",52,13341
"caldas",53,13345
"caldas",54,13316
"caldas",55,13249
"caldas",56,13112
"caldas",57,12894
"caldas",58,12645
"caldas",59,12386
"caldas",60,12103
"caldas",61,11787
"caldas",62,11455
"caldas",63,11070
"caldas",64,10587
"caldas",65,10039
"caldas",66,9499
"caldas",67,8955
"caldas",68,8423
"caldas",69,7942
"caldas",70,7490
"caldas",71,7006
"caldas",72,6563
"caldas",73,6085
"caldas",74,5628
"caldas",75,5179
"caldas",76,4735
"caldas",77,4320
"caldas",78,3917
"caldas",79,3561
"caldas",80,3226
"caldas",81,2912
"caldas",82,2618
"caldas",83,2354
"caldas",84,2107
"caldas",85,13397
"caqueta",0,8023
"caqueta",1,8111
"caqueta",2,8149
"caqueta",3,8177
"caqueta",4,8200
"caqueta",5,8229
"caqueta",6,8258
"caqueta",7,8263
"caqueta",8,8284
"caqueta",9,8289
"caqueta",10,8286
"caqueta",11,8270
"caqueta",12,8254
"caqueta",13,8219
"caqueta",14,8172
"caqueta",15,8119
"caqueta",16,8032
"caqueta",17,7930
"caqueta",18,7815
"caqueta",19,7666
"caqueta",20,7511
"caqueta",21,7355
"caqueta",22,7186
"caqueta",23,7036
"caqueta",24,6924
"caqueta",25,6814
"caqueta",26,6700
"caqueta",27,6581
"caqueta",28,6443
"caqueta",29,6282
"caqueta",30,6114
"caqueta",31,5969
"caqueta",32,5841
"caqueta",33,5735
"caqueta",34,5635
"caqueta",35,5535
"caqueta",36,5437
"caqueta",37,5327
"caqueta",38,5216
"caqueta",39,5088
"caqueta",40,4967
"caqueta",41,4821
"caqueta",42,4686
"caqueta",43,4560
"caqueta",44,4453
"caqueta",45,4346
"caqueta",46,4285
"caqueta",47,4239
"caqueta",48,4181
"caqueta",49,4113
"caqueta",50,4036
"caqueta",51,3943
"caqueta",52,3835
"caqueta",53,3739
"caqueta",54,3626
"caqueta",55,3510
"caqueta",56,3370
"caqueta",57,3217
"caqueta",58,3065
"caqueta",59,2928
"caqueta",60,2798
"caqueta",61,2645
"caqueta",62,2516
"caqueta",63,2385
"caqueta",64,2249
"caqueta",65,2111
"caqueta",66,1976
"caqueta",67,1858
"caqueta",68,1733
"caqueta",69,1629
"caqueta",70,1537
"caqueta",71,1439
"caqueta",72,1342
"caqueta",73,1262
"caqueta",74,1159
"caqueta",75,1073
"caqueta",76,982
"caqueta",77,903
"caqueta",78,818
"caqueta",79,742
"caqueta",80,670
"caqueta",81,615
"caqueta",82,551
"caqueta",83,489
"caqueta",84,443
"caqueta",85,2822
"casanare",0,7975
"casanare",1,8059
"casanare",2,8002
"casanare",3,7956
"casanare",4,7917
"casanare",5,7869
"casanare",6,7832
"casanare",7,7791
"casanare",8,7772
"casanare",9,7745
"casanare",10,7734
"casanare",11,7729
"casanare",12,7750
"casanare",13,7761
"casanare",14,7791
"casanare",15,7814
"casanare",16,7843
"casanare",17,7876
"casanare",18,7874
"casanare",19,7862
"casanare",20,7812
"casanare",21,7765
"casanare",22,7690
"casanare",23,7626
"casanare",24,7593
"casanare",25,7539
"casanare",26,7468
"casanare",27,7367
"casanare",28,7280
"casanare",29,7209
"casanare",30,7139
"casanare",31,7087
"casanare",32,7077
"casanare",33,7022
"casanare",34,6909
"casanare",35,6752
"casanare",36,6594
"casanare",37,6415
"casanare",38,6229
"casanare",39,6128
"casanare",40,6031
"casanare",41,5912
"casanare",42,5800
"casanare",43,5671
"casanare",44,5488
"casanare",45,5304
"casanare",46,5148
"casanare",47,5025
"casanare",48,4902
"casanare",49,4758
"casanare",50,4608
"casanare",51,4443
"casanare",52,4258
"casanare",53,4081
"casanare",54,3925
"casanare",55,3756
"casanare",56,3588
"casanare",57,3387
"casanare",58,3211
"casanare",59,3050
"casanare",60,2907
"casanare",61,2750
"casanare",62,2619
"casanare",63,2468
"casanare",64,2280
"casanare",65,2089
"casanare",66,1922
"casanare",67,1750
"casanare",68,1596
"casanare",69,1489
"casanare",70,1408
"casanare",71,1317
"casanare",72,1247
"casanare",73,1153
"casanare",74,1066
"casanare",75,971
"casanare",76,879
"casanare",77,796
"casanare",78,729
"casanare",79,645
"casanare",80,576
"casanare",81,528
"casanare",82,460
"casanare",83,412
"casanare",84,360
"casanare",85,2147
"cauca",0,23422
"cauca",1,23772
"cauca",2,23816
"cauca",3,23852
"cauca",4,23887
"cauca",5,23936
"cauca",6,23993
"cauca",7,24071
"cauca",8,24205
"cauca",9,24346
"cauca",10,24541
"cauca",11,24799
"cauca",12,25103
"cauca",13,25438
"cauca",14,25820
"cauca",15,26194
"cauca",16,26570
"cauca",17,26917
"cauca",18,27150
"cauca",19,27279
"cauca",20,27276
"cauca",21,27178
"cauca",22,26904
"cauca",23,26588
"cauca",24,26257
"cauca",25,25860
"cauca",26,25233
"cauca",27,24505
"cauca",28,23856
"cauca",29,23378
"cauca",30,23021
"cauca",31,22686
"cauca",32,22436
"cauca",33,22213
"cauca",34,22034
"cauca",35,21847
"cauca",36,21675
"cauca",37,21440
"cauca",38,21057
"cauca",39,20470
"cauca",40,19750
"cauca",41,18978
"cauca",42,18213
"cauca",43,17542
"cauca",44,16967
"cauca",45,16546
"cauca",46,16212
"cauca",47,15992
"cauca",48,15771
"cauca",49,15565
"cauca",50,15346
"cauca",51,15110
"cauca",52,14827
"cauca",53,14568
"cauca",54,14334
"cauca",55,14104
"cauca",56,13822
"cauca",57,13477
"cauca",58,13084
"cauca",59,12632
"cauca",60,12123
"cauca",61,11616
"cauca",62,11113
"cauca",63,10612
"cauca",64,10162
"cauca",65,9701
"cauca",66,9255
"cauca",67,8831
"cauca",68,8397
"cauca",69,7958
"cauca",70,7525
"cauca",71,7090
"cauca",72,6669
"cauca",73,6228
"cauca",74,5840
"cauca",75,5465
"cauca",76,5076
"cauca",77,4715
"cauca",78,4359
"cauca",79,4013
"cauca",80,3717
"cauca",81,3401
"cauca",82,3130
"cauca",83,2849
"cauca",84,2609
"cauca",85,18088
"cesar",0,25264
"cesar",1,25443
"cesar",2,25422
"cesar",3,25392
"cesar",4,25332
"cesar",5,25267
"cesar",6,25212
"cesar",7,25132
"cesar",8,25043
"cesar",9,24969
"cesar",10,24833
"cesar",11,24721
"cesar",12,24561
"cesar",13,24396
"cesar",14,24218
"cesar",15,24033
"cesar",16,23849
"cesar",17,23651
"cesar",18,23412
"cesar",19,23123
"cesar",20,22805
"cesar",21,22476
"cesar",22,22112
"cesar",23,21824
"cesar",24,21608
"cesar",25,21456
"cesar",26,21274
"cesar",27,21072
"cesar",28,20751
"cesar",29,20271
"cesar",30,19697
"cesar",31,19198
"cesar",32,18755
"cesar",33,18371
"cesar",34,18009
"cesar",35,17679
"cesar",36,17356
"cesar",37,16958
"cesar",38,16564
"cesar",39,16176
"cesar",40,15788
"cesar",41,15361
"cesar",42,14959
"cesar",43,14558
"cesar",44,14151
"cesar",45,13760
"cesar",46,13487
"cesar",47,13274
"cesar",48,13036
"cesar",49,12763
"cesar",50,12421
"cesar",51,12066
"cesar",52,11678
"cesar",53,11279
"cesar",54,10938
"cesar",55,10565
"cesar",56,10165
"cesar",57,9730
"cesar",58,9281
"cesar",59,8821
"cesar",60,8353
"cesar",61,7895
"cesar",62,7436
"cesar",63,7027
"cesar",64,6711
"cesar",65,6443
"cesar",66,6200
"cesar",67,5963
"cesar",68,5680
"cesar",69,5326
"cesar",70,4901
"cesar",71,4499
"cesar",72,4097
"cesar",73,3743
"cesar",74,3442
"cesar",75,3154
"cesar",76,2879
"cesar",77,2613
"cesar",78,2378
"cesar",79,2138
"cesar",80,1938
"cesar",81,1740
"cesar",82,1553
"cesar",83,1389
"cesar",84,1240
"cesar",85,7894
"choco",0,11863
"choco",1,11996
"choco",2,12072
"choco",3,12147
"choco",4,12199
"choco",5,12237
"choco",6,12256
"choco",7,12270
"choco",8,12254
"choco",9,12235
"choco",10,12189
"choco",11,12113
"choco",12,12029
"choco",13,11903
"choco",14,11724
"choco",15,11524
"choco",16,11265
"choco",17,10956
"choco",18,10635
"choco",19,10328
"choco",20,10011
"choco",21,9703
"choco",22,9356
"choco",23,9091
"choco",24,8984
"choco",25,8958
"choco",26,8888
"choco",27,8828
"choco",28,8725
"choco",29,8568
"choco",30,8346
"choco",31,8163
"choco",32,8042
"choco",33,7835
"choco",34,7551
"choco",35,7194
"choco",36,6866
"choco",37,6491
"choco",38,6190
"choco",39,6013
"choco",40,5911
"choco",41,5768
"choco",42,5648
"choco",43,5502
"choco",44,5309
"choco",45,5093
"choco",46,4927
"choco",47,4805
"choco",48,4676
"choco",49,4545
"choco",50,4416
"choco",51,4269
"choco",52,4121
"choco",53,4007
"choco",54,3971
"choco",55,3976
"choco",56,3952
"choco",57,3950
"choco",58,3871
"choco",59,3705
"choco",60,3495
"choco",61,3284
"choco",62,3076
"choco",63,2861
"choco",64,2708
"choco",65,2548
"choco",66,2377
"choco",67,2244
"choco",68,2082
"choco",69,1911
"choco",70,1714
"choco",71,1551
"choco",72,1374
"choco",73,1237
"choco",74,1173
"choco",75,1116
"choco",76,1058
"choco",77,1003
"choco",78,950
"choco",79,887
"choco",80,843
"choco",81,798
"choco",82,735
"choco",83,696
"choco",84,637
"choco",85,5155
"cordoba",0,32824
"cordoba",1,33061
"cordoba",2,32962
"cordoba",3,32859
"cordoba",4,32753
"cordoba",5,32642
"cordoba",6,32549
"cordoba",7,32453
"cordoba",8,32363
"cordoba",9,32305
"cordoba",10,32249
"cordoba",11,32214
"cordoba",12,32192
"cordoba",13,32179
"cordoba",14,32145
"cordoba",15,32111
"cordoba",16,32052
"cordoba",17,31957
"cordoba",18,31777
"cordoba",19,31497
"cordoba",20,31125
"cordoba",21,30716
"cordoba",22,30200
"cordoba",23,29726
"cordoba",24,29329
"cordoba",25,28928
"cordoba",26,28429
"cordoba",27,27851
"cordoba",28,27271
"cordoba",29,26677
"cordoba",30,26105
"cordoba",31,25624
"cordoba",32,25269
"cordoba",33,24983
"cordoba",34,24723
"cordoba",35,24515
"cordoba",36,24320
"cordoba",37,24032
"cordoba",38,23719
"cordoba",39,23367
"cordoba",40,22974
"cordoba",41,22533
"cordoba",42,22117
"cordoba",43,21742
"cordoba",44,21404
"cordoba",45,21107
"cordoba",46,20977
"cordoba",47,20927
"cordoba",48,20820
"cordoba",49,20622
"cordoba",50,20331
"cordoba",51,20000
"cordoba",52,19584
"cordoba",53,19152
"cordoba",54,18719
"cordoba",55,18271
"cordoba",56,17697
"cordoba",57,17065
"cordoba",58,16421
"cordoba",59,15783
"cordoba",60,15153
"cordoba",61,14518
"cordoba",62,13903
"cordoba",63,13222
"cordoba",64,12474
"cordoba",65,11662
"cordoba",66,10909
"cordoba",67,10131
"cordoba",68,9509
"cordoba",69,9060
"cordoba",70,8747
"cordoba",71,8426
"cordoba",72,8128
"cordoba",73,7731
"cordoba",74,7216
"cordoba",75,6668
"cordoba",76,6137
"cordoba",77,5621
"cordoba",78,5138
"cordoba",79,4691
"cordoba",80,4273
"cordoba",81,3891
"cordoba",82,3511
"cordoba",83,3184
"cordoba",84,2863
"cordoba",85,19374
"cundinamarca",0,45981
"cundinamarca",1,46702
"cundinamarca",2,46606
"cundinamarca",3,46441
"cundinamarca",4,46251
"cundinamarca",5,46178
"cundinamarca",6,46122
"cundinamarca",7,46151
"cundinamarca",8,46247
"cundinamarca",9,46472
"cundinamarca",10,46742
"cundinamarca",11,47136
"cundinamarca",12,47655
"cundinamarca",13,48270
"cundinamarca",14,49002
"cundinamarca",15,49792
"cundinamarca",16,50610
"cundinamarca",17,51382
"cundinamarca",18,52108
"cundinamarca",19,52611
"cundinamarca",20,52929
"cundinamarca",21,53137
"cundinamarca",22,53054
"cundinamarca",23,52883
"cundinamarca",24,52698
"cundinamarca",25,52386
"cundinamarca",26,51701
"cundinamarca",27,50747
"cundinamarca",28,49890
"cundinamarca",29,49243
"cundinamarca",30,48755
"cundinamarca",31,48313
"cundinamarca",32,47968
"cundinamarca",33,47711
"cundinamarca",34,47492
"cundinamarca",35,47212
"cundinamarca",36,46915
"cundinamarca",37,46494
"cundinamarca",38,45734
"cundinamarca",39,44639
"cundinamarca",40,43292
"cundinamarca",41,41834
"cundinamarca",42,40448
"cundinamarca",43,39265
"cundinamarca",44,38435
"cundinamarca",45,37875
"cundinamarca",46,37566
"cundinamarca",47,37403
"cundinamarca",48,37277
"cundinamarca",49,37050
"cundinamarca",50,36739
"cundinamarca",51,36390
"cundinamarca",52,35905
"cundinamarca",53,35308
"cundinamarca",54,34673
"cundinamarca",55,33926
"cundinamarca",56,33029
"cundinamarca",57,31945
"cundinamarca",58,30814
"cundinamarca",59,29641
"cundinamarca",60,28402
"cundinamarca",61,27155
"cundinamarca",62,25906
"cundinamarca",63,24624
"cundinamarca",64,23398
"cundinamarca",65,22149
"cundinamarca",66,20931
"cundinamarca",67,19765
"cundinamarca",68,18614
"cundinamarca",69,17478
"cundinamarca",70,16400
"cundinamarca",71,15313
"cundinamarca",72,14272
"cundinamarca",73,13260
"cundinamarca",74,12261
"cundinamarca",75,11327
"cundinamarca",76,10388
"cundinamarca",77,9499
"cundinamarca",78,8641
"cundinamarca",79,7893
"cundinamarca",80,7143
"cundinamarca",81,6512
"cundinamarca",82,5866
"cundinamarca",83,5306
"cundinamarca",84,4765
"cundinamarca",85,31079
"guainia",0,1362
"guainia",1,1352
"guainia",2,1351
"guainia",3,1360
"guainia",4,1355
"guainia",5,1359
"guainia",6,1357
"guainia",7,1355
"guainia",8,1348
"guainia",9,1346
"guainia",10,1338
"guainia",11,1326
"guainia",12,1312
"guainia",13,1299
"guainia",14,1283
"guainia",15,1257
"guainia",16,1228
"guainia",17,1196
"guainia",18,1152
"guainia",19,1106
"guainia",20,1043
"guainia",21,984
"guainia",22,921
"guainia",23,869
"guainia",24,820
"guainia",25,774
"guainia",26,733
"guainia",27,684
"guainia",28,651
"guainia",29,619
"guainia",30,606
"guainia",31,586
"guainia",32,577
"guainia",33,564
"guainia",34,556
"guainia",35,536
"guainia",36,524
"guainia",37,514
"guainia",38,500
"guainia",39,487
"guainia",40,474
"guainia",41,459
"guainia",42,441
"guainia",43,430
"guainia",44,409
"guainia",45,394
"guainia",46,387
"guainia",47,380
"guainia",48,364
"guainia",49,358
"guainia",50,347
"guainia",51,331
"guainia",52,314
"guainia",53,309
"guainia",54,293
"guainia",55,292
"guainia",56,283
"guainia",57,280
"guainia",58,266
"guainia",59,246
"guainia",60,221
"guainia",61,192
"guainia",62,162
"guainia",63,147
"guainia",64,136
"guainia",65,129
"guainia",66,132
"guainia",67,124
"guainia",68,122
"guainia",69,120
"guainia",70,110
"guainia",71,102
"guainia",72,102
"guainia",73,91
"guainia",74,88
"guainia",75,78
"guainia",76,74
"guainia",77,69
"guainia",78,63
"guainia",79,58
"guainia",80,55
"guainia",81,50
"guainia",82,44
"guainia",83,45
"guainia",84,39
"guainia",85,273
"guaviare",0,1878
"guaviare",1,1869
"guaviare",2,1856
"guaviare",3,1851
"guaviare",4,1833
"guaviare",5,1826
"guaviare",6,1811
"guaviare",7,1804
"guaviare",8,1795
"guaviare",9,1783
"guaviare",10,1772
"guaviare",11,1768
"guaviare",12,1762
"guaviare",13,1755
"guaviare",14,1749
"guaviare",15,1742
"guaviare",16,1734
"guaviare",17,1717
"guaviare",18,1704
"guaviare",19,1672
"guaviare",20,1637
"guaviare",21,1597
"guaviare",22,1549
"guaviare",23,1496
"guaviare",24,1443
"guaviare",25,1388
"guaviare",26,1325
"guaviare",27,1255
"guaviare",28,1199
"guaviare",29,1172
"guaviare",30,1162
"guaviare",31,1158
"guaviare",32,1157
"guaviare",33,1152
"guaviare",34,1125
"guaviare",35,1097
"guaviare",36,1068
"guaviare",37,1041
"guaviare",38,1010
"guaviare",39,1010
"guaviare",40,1014
"guaviare",41,1020
"guaviare",42,1024
"guaviare",43,1017
"guaviare",44,988
"guaviare",45,948
"guaviare",46,916
"guaviare",47,891
"guaviare",48,866
"guaviare",49,853
"guaviare",50,846
"guaviare",51,837
"guaviare",52,816
"guaviare",53,794
"guaviare",54,777
"guaviare",55,752
"guaviare",56,723
"guaviare",57,691
"guaviare",58,659
"guaviare",59,620
"guaviare",60,583
"guaviare",61,539
"guaviare",62,503
"guaviare",63,467
"guaviare",64,430
"guaviare",65,403
"guaviare",66,375
"guaviare",67,345
"guaviare",68,315
"guaviare",69,296
"guaviare",70,273
"guaviare",71,254
"guaviare",72,233
"guaviare",73,214
"guaviare",74,197
"guaviare",75,177
"guaviare",76,160
"guaviare",77,148
"guaviare",78,130
"guaviare",79,113
"guaviare",80,104
"guaviare",81,91
"guaviare",82,79
"guaviare",83,74
"guaviare",84,62
"guaviare",85,377
"huila",0,20764
"huila",1,20988
"huila",2,20902
"huila",3,20813
"huila",4,20696
"huila",5,20597
"huila",6,20499
"huila",7,20402
"huila",8,20305
"huila",9,20230
"huila",10,20154
"huila",11,20103
"huila",12,20051
"huila",13,20014
"huila",14,19988
"huila",15,19955
"huila",16,19896
"huila",17,19821
"huila",18,19682
"huila",19,19482
"huila",20,19242
"huila",21,18973
"huila",22,18667
"huila",23,18377
"huila",24,18164
"huila",25,17962
"huila",26,17670
"huila",27,17357
"huila",28,16999
"huila",29,16629
"huila",30,16226
"huila",31,15899
"huila",32,15636
"huila",33,15409
"huila",34,15248
"huila",35,15131
"huila",36,15001
"huila",37,14835
"huila",38,14605
"huila",39,14304
"huila",40,13952
"huila",41,13560
"huila",42,13214
"huila",43,12896
"huila",44,12624
"huila",45,12399
"huila",46,12262
"huila",47,12189
"huila",48,12129
"huila",49,12057
"huila",50,11983
"huila",51,11871
"huila",52,11726
"huila",53,11550
"huila",54,11388
"huila",55,11176
"huila",56,10930
"huila",57,10636
"huila",58,10288
"huila",59,9888
"huila",60,9463
"huila",61,9015
"huila",62,8571
"huila",63,8125
"huila",64,7700
"huila",65,7302
"huila",66,6897
"huila",67,6505
"huila",68,6128
"huila",69,5773
"huila",70,5420
"huila",71,5064
"huila",72,4743
"huila",73,4406
"huila",74,4081
"huila",75,3772
"huila",76,3453
"huila",77,3176
"huila",78,2899
"huila",79,2637
"huila",80,2407
"huila",81,2178
"huila",82,1976
"huila",83,1786
"huila",84,1594
"huila",85,10379
"la_guajira",0,22046
"la_guajira",1,22151
"la_guajira",2,22122
"la_guajira",3,22125
"la_guajira",4,22073
"la_guajira",5,21979
"la_guajira",6,21854
"la_guajira",7,21674
"la_guajira",8,21428
"la_guajira",9,21117
"la_guajira",10,20717
"la_guajira",11,20221
"la_guajira",12,19663
"la_guajira",13,19294
"la_guajira",14,19194
"la_guajira",15,19281
"la_guajira",16,19356
"la_guajira",17,19437
"la_guajira",18,19384
"la_guajira",19,19072
"la_guajira",20,18609
"la_guajira",21,18139
"la_guajira",22,17618
"la_guajira",23,17116
"la_guajira",24,16659
"la_guajira",25,16232
"la_guajira",26,15737
"la_guajira",27,15217
"la_guajira",28,14736
"la_guajira",29,14358
"la_guajira",30,14037
"la_guajira",31,13738
"la_guajira",32,13519
"la_guajira",33,13259
"la_guajira",34,12909
"la_guajira",35,12518
"la_guajira",36,12141
"la_guajira",37,11742
"la_guajira",38,11336
"la_guajira",39,10929
"la_guajira",40,10535
"la_guajira",41,10107
"la_guajira",42,9681
"la_guajira",43,9280
"la_guajira",44,8905
"la_guajira",45,8557
"la_guajira",46,8281
"la_guajira",47,8072
"la_guajira",48,7867
"la_guajira",49,7625
"la_guajira",50,7391
"la_guajira",51,7141
"la_guajira",52,6863
"la_guajira",53,6653
"la_guajira",54,6533
"la_guajira",55,6475
"la_guajira",56,6374
"la_guajira",57,6272
"la_guajira",58,6073
"la_guajira",59,5728
"la_guajira",60,5287
"la_guajira",61,4875
"la_guajira",62,4436
"la_guajira",63,4074
"la_guajira",64,3844
"la_guajira",65,3691
"la_guajira",66,3534
"la_guajira",67,3385
"la_guajira",68,3230
"la_guajira",69,2998
"la_guajira",70,2754
"la_guajira",71,2508
"la_guajira",72,2281
"la_guajira",73,2078
"la_guajira",74,1911
"la_guajira",75,1768
"la_guajira",76,1623
"la_guajira",77,1484
"la_guajira",78,1355
"la_guajira",79,1234
"la_guajira",80,1121
"la_guajira",81,1012
"la_guajira",82,924
"la_guajira",83,830
"la_guajira",84,749
"la_guajira",85,5370
"magdalena",0,26031
"magdalena",1,26202
"magdalena",2,26389
"magdalena",3,26542
"magdalena",4,26709
"magdalena",5,26845
"magdalena",6,26962
"magdalena",7,27061
"magdalena",8,27131
"magdalena",9,27174
"magdalena",10,27185
"magdalena",11,27150
"magdalena",12,27095
"magdalena",13,26985
"magdalena",14,26829
"magdalena",15,26668
"magdalena",16,26461
"magdalena",17,26211
"magdalena",18,25904
"magdalena",19,25503
"magdalena",20,25036
"magdalena",21,24540
"magdalena",22,24006
"magdalena",23,23515
"magdalena",24,23091
"magdalena",25,22743
"magdalena",26,22340
"magdalena",27,21922
"magdalena",28,21457
"magdalena",29,20981
"magdalena",30,20480
"magdalena",31,20059
"magdalena",32,19753
"magdalena",33,19458
"magdalena",34,19140
"magdalena",35,18815
"magdalena",36,18512
"magdalena",37,18157
"magdalena",38,17804
"magdalena",39,17508
"magdalena",40,17216
"magdalena",41,16880
"magdalena",42,16578
"magdalena",43,16267
"magdalena",44,15894
"magdalena",45,15507
"magdalena",46,15241
"magdalena",47,15049
"magdalena",48,14855
"magdalena",49,14637
"magdalena",50,14393
"magdalena",51,14118
"magdalena",52,13788
"magdalena",53,13445
"magdalena",54,13139
"magdalena",55,12810
"magdalena",56,12426
"magdalena",57,12008
"magdalena",58,11538
"magdalena",59,11041
"magdalena",60,10529
"magdalena",61,10010
"magdalena",62,9470
"magdalena",63,9002
"magdalena",64,8585
"magdalena",65,8237
"magdalena",66,7878
"magdalena",67,7554
"magdalena",68,7171
"magdalena",69,6693
"magdalena",70,6165
"magdalena",71,5633
"magdalena",72,5138
"magdalena",73,4670
"magdalena",74,4314
"magdalena",75,3981
"magdalena",76,3652
"magdalena",77,3336
"magdalena",78,3049
"magdalena",79,2767
"magdalena",80,2522
"magdalena",81,2284
"magdalena",82,2059
"magdalena",83,1862
"magdalena",84,1674
"magdalena",85,11413
"meta",0,17356
"meta",1,17578
"meta",2,17643
"meta",3,17680
"meta",4,17754
"meta",5,17799
"meta",6,17846
"meta",7,17916
"meta",8,17979
"meta",9,18042
"meta",10,18113
"meta",11,18199
"meta",12,18289
"meta",13,18373
"meta",14,18472
"meta",15,18550
"meta",16,18616
"meta",17,18660
"meta",18,18657
"meta",19,18588
"meta",20,18483
"meta",21,18342
"meta",22,18166
"meta",23,18008
"meta",24,17891
"meta",25,17801
"meta",26,17651
"meta",27,17444
"meta",28,17212
"meta",29,16945
"meta",30,16661
"meta",31,16412
"meta",32,16221
"meta",33,16042
"meta",34,15893
"meta",35,15759
"meta",36,15608
"meta",37,15407
"meta",38,15138
"meta",39,14811
"meta",40,14433
"meta",41,14010
"meta",42,13622
"meta",43,13247
"meta",44,12910
"meta",45,12614
"meta",46,12406
"meta",47,12267
"meta",48,12142
"meta",49,12012
"meta",50,11893
"meta",51,11736
"meta",52,11554
"meta",53,11329
"meta",54,11077
"meta",55,10792
"meta",56,10433
"meta",57,10051
"meta",58,9621
"meta",59,9162
"meta",60,8693
"meta",61,8194
"meta",62,7716
"meta",63,7260
"meta",64,6826
"meta",65,6435
"meta",66,6039
"meta",67,5664
"meta",68,5303
"meta",69,4976
"meta",70,4637
"meta",71,4333
"meta",72,4029
"meta",73,3719
"meta",74,3446
"meta",75,3172
"meta",76,2898
"meta",77,2646
"meta",78,2406
"meta",79,2189
"meta",80,1971
"meta",81,1785
"meta",82,1602
"meta",83,1445
"meta",84,1285
"meta",85,8140
"narino",0,25291
"narino",1,25413
"narino",2,25367
"narino",3,25252
"narino",4,25169
"narino",5,25099
"narino",6,25031
"narino",7,25037
"narino",8,25067
"narino",9,25148
"narino",10,25317
"narino",11,25544
"narino",12,25868
"narino",13,26255
"narino",14,26684
"narino",15,27135
"narino",16,27578
"narino",17,28000
"narino",18,28318
"narino",19,28501
"narino",20,28620
"narino",21,28596
"narino",22,28437
"narino",23,28236
"narino",24,28007
"narino",25,27703
"narino",26,27140
"narino",27,26405
"narino",28,25797
"narino",29,25396
"narino",30,25105
"narino",31,24864
"narino",32,24739
"narino",33,24615
"narino",34,24414
"narino",35,24180
"narino",36,23949
"narino",37,23645
"narino",38,23251
"narino",39,22798
"narino",40,22274
"narino",41,21685
"narino",42,21109
"narino",43,20595
"narino",44,20117
"narino",45,19747
"narino",46,19496
"narino",47,19352
"narino",48,19162
"narino",49,18907
"narino",50,18578
"narino",51,18233
"narino",52,17812
"narino",53,17371
"narino",54,16915
"narino",55,16443
"narino",56,15904
"narino",57,15289
"narino",58,14697
"narino",59,14095
"narino",60,13551
"narino",61,12982
"narino",62,12438
"narino",63,11926
"narino",64,11462
"narino",65,11051
"narino",66,10634
"narino",67,10262
"narino",68,9860
"narino",69,9446
"narino",70,9008
"narino",71,8582
"narino",72,8158
"narino",73,7705
"narino",74,7238
"narino",75,6731
"narino",76,6259
"narino",77,5795
"narino",78,5342
"narino",79,4924
"narino",80,4530
"narino",81,4154
"narino",82,3803
"narino",83,3488
"narino",84,3168
"narino",85,21732
"norte_santander",0,26700
"norte_santander",1,27170
"norte_santander",2,27077
"norte_santander",3,26963
"norte_santander",4,26809
"norte_santander",5,26696
"norte_santander",6,26571
"norte_santander",7,26495
"norte_santander",8,26407
"norte_santander",9,26374
"norte_santander",10,26337
"norte_santander",11,26346
"norte_santander",12,26379
"norte_santander",13,26456
"norte_santander",14,26569
"norte_santander",15,26715
"norte_santander",16,26907
"norte_santander",17,27131
"norte_santander",18,27381
"norte_santander",19,27683
"norte_santander",20,27975
"norte_santander",21,28177
"norte_santander",22,28270
"norte_santander",23,28231
"norte_santander",24,27961
"norte_santander",25,27547
"norte_santander",26,27065
"norte_santander",27,26529
"norte_santander",28,25946
"norte_santander",29,25418
"norte_santander",30,24937
"norte_santander",31,24471
"norte_santander",32,24044
"norte_santander",33,23672
"norte_santander",34,23302
"norte_santander",35,22938
"norte_santander",36,22616
"norte_santander",37,22208
"norte_santander",38,21735
"norte_santander",39,21181
"norte_santander",40,20549
"norte_santander",41,19873
"norte_santander",42,19222
"norte_santander",43,18678
"norte_santander",44,18270
"norte_santander",45,18009
"norte_santander",46,17835
"norte_santander",47,17784
"norte_santander",48,17679
"norte_santander",49,17500
"norte_santander",50,17216
"norte_santander",51,16932
"norte_santander",52,16580
"norte_santander",53,16218
"norte_santander",54,15902
"norte_santander",55,15589
"norte_santander",56,15170
"norte_santander",57,14701
"norte_santander",58,14185
"norte_santander",59,13622
"norte_santander",60,13018
"norte_santander",61,12383
"norte_santander",62,11786
"norte_santander",63,11171
"norte_santander",64,10580
"norte_santander",65,9987
"norte_santander",66,9430
"norte_santander",67,8890
"norte_santander",68,8338
"norte_santander",69,7796
"norte_santander",70,7280
"norte_santander",71,6754
"norte_santander",72,6244
"norte_santander",73,5779
"norte_santander",74,5368
"norte_santander",75,4978
"norte_santander",76,4602
"norte_santander",77,4234
"norte_santander",78,3885
"norte_santander",79,3539
"norte_santander",80,3247
"norte_santander",81,2959
"norte_santander",82,2696
"norte_santander",83,2435
"norte_santander",84,2220
"norte_santander",85,14860
"putumayo",0,6511
"putumayo",1,6510
"putumayo",2,6545
"putumayo",3,6560
"putumayo",4,6577
"putumayo",5,6589
"putumayo",6,6609
"putumayo",7,6623
"putumayo",8,6639
"putumayo",9,6669
"putumayo",10,6697
"putumayo",11,6730
"putumayo",12,6782
"putumayo",13,6820
"putumayo",14,6873
"putumayo",15,6916
"putumayo",16,6943
"putumayo",17,6968
"putumayo",18,6955
"putumayo",19,6918
"putumayo",20,6847
"putumayo",21,6765
"putumayo",22,6649
"putumayo",23,6526
"putumayo",24,6416
"putumayo",25,6280
"putumayo",26,6111
"putumayo",27,5905
"putumayo",28,5740
"putumayo",29,5639
"putumayo",30,5572
"putumayo",31,5530
"putumayo",32,5503
"putumayo",33,5467
"putumayo",34,5374
"putumayo",35,5253
"putumayo",36,5142
"putumayo",37,5005
"putumayo",38,4890
"putumayo",39,4760
"putumayo",40,4647
"putumayo",41,4506
"putumayo",42,4381
"putumayo",43,4256
"putumayo",44,4133
"putumayo",45,4027
"putumayo",46,3952
"putumayo",47,3893
"putumayo",48,3816
"putumayo",49,3696
"putumayo",50,3552
"putumayo",51,3392
"putumayo",52,3239
"putumayo",53,3098
"putumayo",54,2984
"putumayo",55,2900
"putumayo",56,2793
"putumayo",57,2696
"putumayo",58,2568
"putumayo",59,2448
"putumayo",60,2298
"putumayo",61,2177
"putumayo",62,2049
"putumayo",63,1927
"putumayo",64,1830
"putumayo",65,1730
"putumayo",66,1649
"putumayo",67,1559
"putumayo",68,1477
"putumayo",69,1397
"putumayo",70,1320
"putumayo",71,1235
"putumayo",72,1160
"putumayo",73,1088
"putumayo",74,1012
"putumayo",75,928
"putumayo",76,857
"putumayo",77,787
"putumayo",78,722
"putumayo",79,657
"putumayo",80,602
"putumayo",81,540
"putumayo",82,488
"putumayo",83,446
"putumayo",84,400
"putumayo",85,2639
"quindio",0,6570
"quindio",1,6623
"quindio",2,6582
"quindio",3,6545
"quindio",4,6499
"quindio",5,6478
"quindio",6,6471
"quindio",7,6473
"quindio",8,6502
"quindio",9,6568
"quindio",10,6666
"quindio",11,6793
"quindio",12,6972
"quindio",13,7176
"quindio",14,7416
"quindio",15,7676
"quindio",16,7939
"quindio",17,8191
"quindio",18,8426
"quindio",19,8603
"quindio",20,8744
"quindio",21,8831
"quindio",22,8879
"quindio",23,8886
"quindio",24,8878
"quindio",25,8832
"quindio",26,8709
"quindio",27,8508
"quindio",28,8310
"quindio",29,8123
"quindio",30,7955
"quindio",31,7792
"quindio",32,7642
"quindio",33,7557
"quindio",34,7575
"quindio",35,7641
"quindio",36,7711
"quindio",37,7765
"quindio",38,7741
"quindio",39,7587
"quindio",40,7375
"quindio",41,7143
"quindio",42,6932
"quindio",43,6779
"quindio",44,6722
"quindio",45,6722
"quindio",46,6770
"quindio",47,6848
"quindio",48,6934
"quindio",49,7046
"quindio",50,7155
"quindio",51,7248
"quindio",52,7318
"quindio",53,7345
"quindio",54,7329
"quindio",55,7270
"quindio",56,7179
"quindio",57,7029
"quindio",58,6887
"quindio",59,6748
"quindio",60,6607
"quindio",61,6448
"quindio",62,6288
"quindio",63,6089
"quindio",64,5838
"quindio",65,5554
"quindio",66,5275
"quindio",67,4990
"quindio",68,4715
"quindio",69,4462
"quindio",70,4213
"quindio",71,3960
"quindio",72,3708
"quindio",73,3446
"quindio",74,3190
"quindio",75,2934
"quindio",76,2685
"quindio",77,2443
"quindio",78,2225
"quindio",79,2022
"quindio",80,1826
"quindio",81,1657
"quindio",82,1492
"quindio",83,1337
"quindio",84,1197
"quindio",85,7640
"risaralda",0,12487
"risaralda",1,12586
"risaralda",2,12542
"risaralda",3,12510
"risaralda",4,12482
"risaralda",5,12460
"risaralda",6,12457
"risaralda",7,12470
"risaralda",8,12515
"risaralda",9,12601
"risaralda",10,12719
"risaralda",11,12866
"risaralda",12,13072
"risaralda",13,13314
"risaralda",14,13587
"risaralda",15,13901
"risaralda",16,14212
"risaralda",17,14505
"risaralda",18,14772
"risaralda",19,14983
"risaralda",20,15128
"risaralda",21,15241
"risaralda",22,15284
"risaralda",23,15314
"risaralda",24,15361
"risaralda",25,15377
"risaralda",26,15304
"risaralda",27,15141
"risaralda",28,14913
"risaralda",29,14603
"risaralda",30,14267
"risaralda",31,13946
"risaralda",32,13655
"risaralda",33,13488
"risaralda",34,13504
"risaralda",35,13639
"risaralda",36,13754
"risaralda",37,13832
"risaralda",38,13757
"risaralda",39,13439
"risaralda",40,12968
"risaralda",41,12487
"risaralda",42,12018
"risaralda",43,11666
"risaralda",44,11503
"risaralda",45,11478
"risaralda",46,11534
"risaralda",47,11618
"risaralda",48,11741
"risaralda",49,11867
"risaralda",50,11979
"risaralda",51,12074
"risaralda",52,12138
"risaralda",53,12136
"risaralda",54,12051
"risaralda",55,11908
"risaralda",56,11687
"risaralda",57,11415
"risaralda",58,11138
"risaralda",59,10928
"risaralda",60,10729
"risaralda",61,10491
"risaralda",62,10265
"risaralda",63,9954
"risaralda",64,9503
"risaralda",65,8978
"risaralda",66,8456
"risaralda",67,7939
"risaralda",68,7453
"risaralda",69,7052
"risaralda",70,6710
"risaralda",71,6347
"risaralda",72,5982
"risaralda",73,5597
"risaralda",74,5173
"risaralda",75,4748
"risaralda",76,4335
"risaralda",77,3942
"risaralda",78,3566
"risaralda",79,3230
"risaralda",80,2914
"risaralda",81,2626
"risaralda",82,2357
"risaralda",83,2104
"risaralda",84,1882
"risaralda",85,11856
"san_andres",0,977
"san_andres",1,991
"san_andres",2,978
"san_andres",3,966
"san_andres",4,957
"san_andres",5,945
"san_andres",6,934
"san_andres",7,925
"san_andres",8,919
"san_andres",9,911
"san_andres",10,908
"san_andres",11,903
"san_andres",12,906
"san_andres",13,906
"san_andres",14,912
"san_andres",15,912
"san_andres",16,921
"san_andres",17,923
"san_andres",18,925
"san_andres",19,926
"san_andres",20,923
"san_andres",21,922
"san_andres",22,916
"san_andres",23,928
"san_andres",24,957
"san_andres",25,1006
"san_andres",26,1047
"san_andres",27,1084
"san_andres",28,1097
"san_andres",29,1078
"san_andres",30,1035
"san_andres",31,1000
"san_andres",32,966
"san_andres",33,938
"san_andres",34,922
"san_andres",35,910
"san_andres",36,900
"san_andres",37,881
"san_andres",38,863
"san_andres",39,843
"san_andres",40,823
"san_andres",41,800
"san_andres",42,785
"san_andres",43,772
"san_andres",44,767
"san_andres",45,768
"san_andres",46,774
"san_andres",47,786
"san_andres",48,805
"san_andres",49,827
"san_andres",50,853
"san_andres",51,876
"san_andres",52,890
"san_andres",53,903
"san_andres",54,910
"san_andres",55,906
"san_andres",56,900
"san_andres",57,888
"san_andres",58,864
"san_andres",59,810
"san_andres",60,746
"san_andres",61,681
"san_andres",62,613
"san_andres",63,553
"san_andres",64,508
"san_andres",65,472
"san_andres",66,433
"san_andres",67,396
"san_andres",68,365
"san_andres",69,331
"san_andres",70,303
"san_andres",71,276
"san_andres",72,249
"san_andres",73,224
"san_andres",74,205
"san_andres",75,189
"san_andres",76,169
"san_andres",77,152
"san_andres",78,135
"san_andres",79,122
"san_andres",80,107
"san_andres",81,93
"san_andres",82,83
"san_andres",83,72
"san_andres",84,62
"san_andres",85,375
"santander",0,32160
"santander",1,32401
"santander",2,32485
"santander",3,32595
"santander",4,32690
"santander",5,32798
"santander",6,32911
"santander",7,33049
"santander",8,33182
"santander",9,33366
"santander",10,33539
"santander",11,33748
"santander",12,34013
"santander",13,34302
"santander",14,34614
"santander",15,34951
"santander",16,35325
"santander",17,35709
"santander",18,36199
"santander",19,36829
"santander",20,37439
"santander",21,37952
"santander",22,38417
"santander",23,38535
"santander",24,38281
"santander",25,37771
"santander",26,37178
"santander",27,36511
"santander",28,35832
"santander",29,35259
"santander",30,34746
"santander",31,34288
"santander",32,33894
"santander",33,33569
"santander",34,33247
"santander",35,32955
"santander",36,32639
"santander",37,32240
"santander",38,31751
"santander",39,31168
"santander",40,30514
"santander",41,29782
"santander",42,29121
"santander",43,28536
"santander",44,28122
"santander",45,27869
"santander",46,27771
"santander",47,27835
"santander",48,27873
"santander",49,27832
"santander",50,27709
"santander",51,27533
"santander",52,27252
"santander",53,26834
"santander",54,26303
"santander",55,25649
"santander",56,24862
"santander",57,23976
"santander",58,23049
"santander",59,22142
"santander",60,21240
"santander",61,20302
"santander",62,19369
"santander",63,18437
"santander",64,17554
"santander",65,16681
"santander",66,15842
"santander",67,15016
"santander",68,14243
"santander",69,13458
"santander",70,12668
"santander",71,11907
"santander",72,11170
"santander",73,10423
"santander",74,9686
"santander",75,8981
"santander",76,8265
"santander",77,7612
"santander",78,6952
"santander",79,6369
"santander",80,5803
"santander",81,5293
"santander",82,4799
"santander",83,4349
"santander",84,3942
"santander",85,26124
"sucre",0,16035
"sucre",1,16290
"sucre",2,16375
"sucre",3,16429
"sucre",4,16502
"sucre",5,16560
"sucre",6,16628
"sucre",7,16699
"sucre",8,16765
"sucre",9,16828
"sucre",10,16905
"sucre",11,16983
"sucre",12,17068
"sucre",13,17143
"sucre",14,17218
"sucre",15,17277
"sucre",16,17337
"sucre",17,17356
"sucre",18,17235
"sucre",19,16924
"sucre",20,16495
"sucre",21,16058
"sucre",22,15557
"sucre",23,15160
"sucre",24,14960
"sucre",25,14861
"sucre",26,14690
"sucre",27,14520
"sucre",28,14307
"sucre",29,13971
"sucre",30,13608
"sucre",31,13288
"sucre",32,13014
"sucre",33,12807
"sucre",34,12617
"sucre",35,12480
"sucre",36,12340
"sucre",37,12165
"sucre",38,11977
"sucre",39,11757
"sucre",40,11516
"sucre",41,11253
"sucre",42,11008
"sucre",43,10812
"sucre",44,10656
"sucre",45,10564
"sucre",46,10527
"sucre",47,10554
"sucre",48,10536
"sucre",49,10464
"sucre",50,10320
"sucre",51,10159
"sucre",52,9961
"sucre",53,9729
"sucre",54,9501
"sucre",55,9229
"sucre",56,8932
"sucre",57,8578
"sucre",58,8237
"sucre",59,7886
"sucre",60,7518
"sucre",61,7178
"sucre",62,6807
"sucre",63,6497
"sucre",64,6232
"sucre",65,6018
"sucre",66,5811
"sucre",67,5631
"sucre",68,5396
"sucre",69,5102
"sucre",70,4755
"sucre",71,4403
"sucre",72,4089
"sucre",73,3770
"sucre",74,3497
"sucre",75,3254
"sucre",76,3003
"sucre",77,2761
"sucre",78,2532
"sucre",79,2332
"sucre",80,2117
"sucre",81,1938
"sucre",82,1769
"sucre",83,1600
"sucre",84,1460
"sucre",85,9903
"tolima",0,17635
"tolima",1,18114
"tolima",2,18403
"tolima",3,18690
"tolima",4,18971
"tolima",5,19243
"tolima",6,19527
"tolima",7,19820
"tolima",8,20104
"tolima",9,20417
"tolima",10,20724
"tolima",11,21052
"tolima",12,21399
"tolima",13,21753
"tolima",14,22093
"tolima",15,22439
"tolima",16,22776
"tolima",17,23059
"tolima",18,23088
"tolima",19,22780
"tolima",20,22236
"tolima",21,21687
"tolima",22,21054
"tolima",23,20511
"tolima",24,20148
"tolima",25,19927
"tolima",26,19614
"tolima",27,19290
"tolima",28,18958
"tolima",29,18565
"tolima",30,18178
"tolima",31,17861
"tolima",32,17604
"tolima",33,17438
"tolima",34,17396
"tolima",35,17431
"tolima",36,17482
"tolima",37,17463
"tolima",38,17391
"tolima",39,17179
"tolima",40,16893
"tolima",41,16582
"tolima",42,16321
"tolima",43,16101
"tolima",44,15979
"tolima",45,15923
"tolima",46,15978
"tolima",47,16102
"tolima",48,16225
"tolima",49,16380
"tolima",50,16480
"tolima",51,16576
"tolima",52,16572
"tolima",53,16508
"tolima",54,16367
"tolima",55,16133
"tolima",56,15819
"tolima",57,15434
"tolima",58,15013
"tolima",59,14578
"tolima",60,14132
"tolima",61,13654
"tolima",62,13153
"tolima",63,12665
"tolima",64,12153
"tolima",65,11622
"tolima",66,11112
"tolima",67,10601
"tolima",68,10099
"tolima",69,9610
"tolima",70,9108
"tolima",71,8607
"tolima",72,8121
"tolima",73,7612
"tolima",74,7080
"tolima",75,6561
"tolima",76,6047
"tolima",77,5550
"tolima",78,5087
"tolima",79,4646
"tolima",80,4247
"tolima",81,3855
"tolima",82,3509
"tolima",83,3179
"tolima",84,2871
"tolima",85,18968
"valle",0,67527
"valle",1,68207
"valle",2,68519
"valle",3,68758
"valle",4,68998
"valle",5,69270
"valle",6,69541
"valle",7,69818
"valle",8,70137
"valle",9,70469
"valle",10,70850
"valle",11,71255
"valle",12,71688
"valle",13,72141
"valle",14,72581
"valle",15,73033
"valle",16,73460
"valle",17,73820
"valle",18,74027
"valle",19,73953
"valle",20,73643
"valle",21,73183
"valle",22,72455
"valle",23,71808
"valle",24,71325
"valle",25,70895
"valle",26,70201
"valle",27,69296
"valle",28,68160
"valle",29,66819
"valle",30,65405
"valle",31,64057
"valle",32,62874
"valle",33,62036
"valle",34,61695
"valle",35,61655
"valle",36,61570
"valle",37,61323
"valle",38,60708
"valle",39,59663
"valle",40,58320
"valle",41,56883
"valle",42,55573
"valle",43,54530
"valle",44,53878
"valle",45,53549
"valle",46,53545
"valle",47,53779
"valle",48,54117
"valle",49,54403
"valle",50,54644
"valle",51,54754
"valle",52,54688
"valle",53,54320
"valle",54,53637
"valle",55,52692
"valle",56,51440
"valle",57,49925
"valle",58,48410
"valle",59,46945
"valle",60,45506
"valle",61,43958
"valle",62,42424
"valle",63,40730
"valle",64,38814
"valle",65,36805
"valle",66,34818
"valle",67,32870
"valle",68,31011
"valle",69,29290
"valle",70,27674
"valle",71,26081
"valle",72,24487
"valle",73,22886
"valle",74,21256
"valle",75,19637
"valle",76,18060
"valle",77,16551
"valle",78,15116
"valle",79,13799
"valle",80,12550
"valle",81,11414
"valle",82,10328
"valle",83,9350
"valle",84,8417
"valle",85,56081
"vaupes",0,1247
"vaupes",1,1231
"vaupes",2,1253
"vaupes",3,1272
"vaupes",4,1291
"vaupes",5,1308
"vaupes",6,1322
"vaupes",7,1335
"vaupes",8,1340
"vaupes",9,1346
"vaupes",10,1334
"vaupes",11,1342
"vaupes",12,1323
"vaupes",13,1306
"vaupes",14,1280
"vaupes",15,1242
"vaupes",16,1197
"vaupes",17,1133
"vaupes",18,1065
"vaupes",19,976
"vaupes",20,877
"vaupes",21,783
"vaupes",22,684
"vaupes",23,602
"vaupes",24,559
"vaupes",25,532
"vaupes",26,512
"vaupes",27,486
"vaupes",28,464
"vaupes",29,448
"vaupes",30,432
"vaupes",31,422
"vaupes",32,418
"vaupes",33,408
"vaupes",34,394
"vaupes",35,379
"vaupes",36,362
"vaupes",37,347
"vaupes",38,338
"vaupes",39,329
"vaupes",40,327
"vaupes",41,320
"vaupes",42,310
"vaupes",43,306
"vaupes",44,298
"vaupes",45,288
"vaupes",46,290
"vaupes",47,285
"vaupes",48,280
"vaupes",49,271
"vaupes",50,257
"vaupes",51,254
"vaupes",52,237
"vaupes",53,225
"vaupes",54,230
"vaupes",55,225
"vaupes",56,226
"vaupes",57,226
"vaupes",58,219
"vaupes",59,208
"vaupes",60,191
"vaupes",61,182
"vaupes",62,169
"vaupes",63,154
"vaupes",64,145
"vaupes",65,140
"vaupes",66,129
"vaupes",67,132
"vaupes",68,119
"vaupes",69,110
"vaupes",70,95
"vaupes",71,85
"vaupes",72,71
"vaupes",73,66
"vaupes",74,57
"vaupes",75,54
"vaupes",76,53
"vaupes",77,51
"vaupes",78,50
"vaupes",79,46
"vaupes",80,42
"vaupes",81,40
"vaupes",82,36
"vaupes",83,35
"vaupes",84,30
"vaupes",85,238
"vichada",0,2799
"vichada",1,2766
"vichada",2,2793
"vichada",3,2809
"vichada",4,2822
"vichada",5,2835
"vichada",6,2841
"vichada",7,2843
"vichada",8,2838
"vichada",9,2834
"vichada",10,2818
"vichada",11,2797
"vichada",12,2767
"vichada",13,2731
"vichada",14,2684
"vichada",15,2633
"vichada",16,2577
"vichada",17,2512
"vichada",18,2435
"vichada",19,2360
"vichada",20,2271
"vichada",21,2178
"vichada",22,2085
"vichada",23,1996
"vichada",24,1917
"vichada",25,1839
"vichada",26,1766
"vichada",27,1699
"vichada",28,1629
"vichada",29,1575
"vichada",30,1523
"vichada",31,1486
"vichada",32,1450
"vichada",33,1419
"vichada",34,1387
"vichada",35,1340
"vichada",36,1309
"vichada",37,1262
"vichada",38,1231
"vichada",39,1201
"vichada",40,1174
"vichada",41,1146
"vichada",42,1119
"vichada",43,1093
"vichada",44,1044
"vichada",45,992
"vichada",46,952
"vichada",47,913
"vichada",48,886
"vichada",49,855
"vichada",50,834
"vichada",51,818
"vichada",52,788
"vichada",53,765
"vichada",54,739
"vichada",55,709
"vichada",56,685
"vichada",57,647
"vichada",58,617
"vichada",59,579
"vichada",60,543
"vichada",61,506
"vichada",62,464
"vichada",63,430
"vichada",64,399
"vichada",65,373
"vichada",66,356
"vichada",67,325
"vichada",68,308
"vichada",69,281
"vichada",70,246
"vichada",71,226
"vichada",72,195
"vichada",73,174
"vichada",74,157
"vichada",75,141
"vichada",76,132
"vichada",77,116
"vichada",78,104
"vichada",79,94
"vichada",80,81
"vichada",81,74
"vichada",82,63
"vichada",83,53
"vichada",84,51
"vichada",85,295
